genlen	N	Va	L	gen	zvar	pred
0.01	1000	0.01	500	1	0.009573381867281967	4.970840496607427e-4
0.01	1000	0.01	500	2	0.00950844585914201	4.928121218791544e-4
0.01	1000	0.01	500	3	0.009649806413900095	4.99228558140687e-4
0.01	1000	0.01	500	4	0.00962534253869612	4.970585667029418e-4
0.01	1000	0.01	500	5	0.009667697285885173	4.983408985942556e-4
0.01	1000	0.01	500	6	0.009616224230057065	4.947909549136387e-4
0.01	1000	0.01	500	7	0.009591584747162263	4.92632184166984e-4
0.01	1000	0.01	500	8	0.00945389056309804	4.8468522610158944e-4
0.01	1000	0.01	500	9	0.009466333695074837	4.844504578479022e-4
0.01	1000	0.01	500	10	0.009347574824459942	4.775143288818056e-4
0.01	1000	0.01	500	11	0.009290077066073711	4.7372708292902125e-4
0.01	1000	0.01	500	12	0.009181069691823793	4.673316118843502e-4
0.01	1000	0.01	500	13	0.00913413656068611	4.6411316444390716e-4
0.01	1000	0.01	500	14	0.00903672061857473	4.583458297738895e-4
0.01	1000	0.01	500	15	0.008838049928978879	-4.4747259891269247e-4
0.01	1000	0.01	500	16	0.00897997055794077	-4.538517314971237e-4
0.01	1000	0.01	500	17	0.009091785959041618	-4.586895985247778e-4
0.01	1000	0.01	500	18	0.009253283334424583	-4.660126086085825e-4
0.01	1000	0.01	500	19	0.009406704108407065	-4.72903922636021e-4
0.01	1000	0.01	500	20	0.009466138582695079	-4.750544838941811e-4
0.01	1000	0.01	500	21	0.00954277647423019	-4.780594912451197e-4
0.01	1000	0.01	500	22	0.00968019910547842	-4.8409389962263767e-4
0.01	1000	0.01	500	23	0.009642249235152887	-4.813525648718566e-4
0.01	1000	0.01	500	24	0.009736784732727098	-4.8522325904561467e-4
0.01	1000	0.01	500	25	0.009697339547122806	-4.824154768686123e-4
0.01	1000	0.01	500	26	0.009739083833404294	-4.836495644396406e-4
0.01	1000	0.01	500	27	0.009615315702530722	-4.7667435378554595e-4
0.01	1000	0.01	500	28	0.009579701474908097	-4.7408610441217056e-4
0.01	1000	0.01	500	29	0.009504570488821557	-4.6955473575658566e-4
0.01	1000	0.01	500	30	0.009388158587480376	-4.630033009329108e-4
0.01	1000	0.01	500	31	0.009229435614521532	-4.5439151560772867e-4
0.01	1000	0.01	500	32	0.009118543908531871	-4.481603349015382e-4
0.01	1000	0.01	500	33	0.008813773050252448	-4.324382377702596e-4
0.01	1000	0.01	500	34	0.00855964569682814	-4.192506677205097e-4
0.01	1000	0.01	500	35	0.008336538842668804	-4.076251231917896e-4
0.01	1000	0.01	500	36	0.008097683303755557	-3.952706620309532e-4
0.01	1000	0.01	500	37	0.007866123525418406	-3.833139434106876e-4
0.01	1000	0.01	500	38	0.007636997235769216	-3.715163918918047e-4
0.01	1000	0.01	500	39	0.007333021935652279	-3.5612400430945913e-4
0.01	1000	0.01	500	40	0.007070122166235426	-3.4277530067824253e-4
0.01	1000	0.01	500	41	0.006744255654964069	-3.2642422597789776e-4
0.01	1000	0.01	500	42	0.006629873908003423	-3.203470995842415e-4
0.01	1000	0.01	500	43	0.006290221198366277	-3.034240662108661e-4
0.01	1000	0.01	500	44	0.006034161842714275	-2.9058356296874196e-4
0.01	1000	0.01	500	45	0.005783045621628297	-2.7802387634842353e-4
0.01	1000	0.01	500	46	0.005503448856128927	-2.64139404034484e-4
0.01	1000	0.01	500	47	0.005271570635461275	-2.5258785523577383e-4
0.01	1000	0.01	500	48	0.005065110678838615	-2.4229080936007902e-4
0.01	1000	0.01	500	49	0.004858589290550259	-2.3202519215696616e-4
0.01	1000	0.01	500	50	0.00466831745295421	-2.2256848346828768e-4
0.01	1000	0.02	500	1	0.01919174788344128	9.96503836389586e-4
0.01	1000	0.02	500	2	0.019026714762949704	9.861333611847233e-4
0.01	1000	0.02	500	3	0.01905594156596305	9.858508890173692e-4
0.01	1000	0.02	500	4	0.01908668496046037	9.85648067215922e-4
0.01	1000	0.02	500	5	0.01903938049527927	9.814231563236918e-4
0.01	1000	0.02	500	6	0.019216266058402535	9.887492643102717e-4
0.01	1000	0.02	500	7	0.019062688102463234	9.790763386403694e-4
0.01	1000	0.02	500	8	0.01895176640840319	9.716255043755524e-4
0.01	1000	0.02	500	9	0.018800511388385063	9.621376810978604e-4
0.01	1000	0.02	500	10	0.018421812375738703	9.41065414140254e-4
0.01	1000	0.02	500	11	0.018043507965887468	9.200890728562021e-4
0.01	1000	0.02	500	12	0.017649658870714166	8.983967888409833e-4
0.01	1000	0.02	500	13	0.017063689833876693	8.670204384698809e-4
0.01	1000	0.02	500	14	0.01643275514266084	8.334754508015276e-4
0.01	1000	0.02	500	15	0.015859504341835015	-8.029705288311235e-4
0.01	1000	0.02	500	16	0.01657538144743711	-8.377271976122943e-4
0.01	1000	0.02	500	17	0.01710178097034597	-8.628017732363743e-4
0.01	1000	0.02	500	18	0.01757684381470947	-8.85202640097019e-4
0.01	1000	0.02	500	19	0.018083021233711173	-9.090890471286009e-4
0.01	1000	0.02	500	20	0.01829433483058258	-9.18094079777925e-4
0.01	1000	0.02	500	21	0.01861092757693104	-9.323419230298117e-4
0.01	1000	0.02	500	22	0.01851924389475015	-9.261227891478632e-4
0.01	1000	0.02	500	23	0.018617458810350224	-9.294057155343931e-4
0.01	1000	0.02	500	24	0.018422713936719976	-9.180781481996104e-4
0.01	1000	0.02	500	25	0.018269261784632618	-9.088445952669546e-4
0.01	1000	0.02	500	26	0.018027776305372247	-8.952717018414649e-4
0.01	1000	0.02	500	27	0.01764321294513618	-8.746532500342202e-4
0.01	1000	0.02	500	28	0.017519494279188485	-8.670154091802175e-4
0.01	1000	0.02	500	29	0.016965774749862633	-8.38160955189594e-4
0.01	1000	0.02	500	30	0.016358918917218118	-8.067858449330504e-4
0.01	1000	0.02	500	31	0.01583781235749696	-7.797408055711258e-4
0.01	1000	0.02	500	32	0.015285101380876742	-7.512357480066789e-4
0.01	1000	0.02	500	33	0.014565442726551995	-7.146376868455197e-4
0.01	1000	0.02	500	34	0.013968999018490821	-6.842003014283183e-4
0.01	1000	0.02	500	35	0.013180214459703202	-6.444624854780596e-4
0.01	1000	0.02	500	36	0.01266311704434043	-6.181223035939792e-4
0.01	1000	0.02	500	37	0.011932028704517312	-5.814443366975691e-4
0.01	1000	0.02	500	38	0.011408586402220334	-5.549925875168783e-4
0.01	1000	0.02	500	39	0.01075568521368275	-5.223436832727853e-4
0.01	1000	0.02	500	40	0.010144552835957462	-4.9183056060871e-4
0.01	1000	0.02	500	41	0.009574403613035822	-4.634043322905227e-4
0.01	1000	0.02	500	42	0.008983528036050382	-4.340726822735482e-4
0.01	1000	0.02	500	43	0.008434636337192672	-4.068651282256388e-4
0.01	1000	0.02	500	44	0.008055899218936458	-3.8794317404365093e-4
0.01	1000	0.02	500	45	0.007617386318076199	-3.662110608075559e-4
0.01	1000	0.02	500	46	0.007318754680567556	-3.512654610112029e-4
0.01	1000	0.02	500	47	0.0070024741696935785	-3.3552427809061084e-4
0.01	1000	0.02	500	48	0.006821654674702499	-3.263155214384403e-4
0.01	1000	0.02	500	49	0.006510747467407892	-3.109251146518926e-4
0.01	1000	0.02	500	50	0.006196224189348355	-2.9541354780405305e-4
0.01	1000	0.05	500	1	0.05165436866091176	0.0026820786126151835
0.01	1000	0.05	500	2	0.05149744741333193	0.0026690551439301456
0.01	1000	0.05	500	3	0.050921679335355054	0.0026344110402124915
0.01	1000	0.05	500	4	0.051394237466907536	0.0026540298082266722
0.01	1000	0.05	500	5	0.050893089395718315	0.0026233866402425214
0.01	1000	0.05	500	6	0.05117392321332707	0.002633091089354627
0.01	1000	0.05	500	7	0.05026903632484929	0.0025818616853702523
0.01	1000	0.05	500	8	0.048500609582291986	0.0024865454877610396
0.01	1000	0.05	500	9	0.04669146297449133	0.002389489040234164
0.01	1000	0.05	500	10	0.044094422508932876	0.002252532765684533
0.01	1000	0.05	500	11	0.041175651004236875	0.00209966191875569
0.01	1000	0.05	500	12	0.0384602470223614	0.0019576900990564217
0.01	1000	0.05	500	13	0.0356867896989025	0.0018132758127668896
0.01	1000	0.05	500	14	0.032888280941337326	0.0016681058377426693
0.01	1000	0.05	500	15	0.03023841839556941	-0.001530978414379486
0.01	1000	0.05	500	16	0.03265991574387171	-0.0016506467605062402
0.01	1000	0.05	500	17	0.03542883425270307	-0.0017874197470973347
0.01	1000	0.05	500	18	0.03774354247949012	-0.0019008352012264205
0.01	1000	0.05	500	19	0.03965605647272194	-0.0019936318232296885
0.01	1000	0.05	500	20	0.04183297516464529	-0.002099371592016213
0.01	1000	0.05	500	21	0.043635223411106566	-0.0021859710075587332
0.01	1000	0.05	500	22	0.04465998680868591	-0.0022333866210537848
0.01	1000	0.05	500	23	0.044925904721192206	-0.002242754666400368
0.01	1000	0.05	500	24	0.04488832863425238	-0.0022369664844096946
0.01	1000	0.05	500	25	0.043842706287399134	-0.002181051819219991
0.01	1000	0.05	500	26	0.04185897762629598	-0.0020787454593426628
0.01	1000	0.05	500	27	0.03971721917738506	-0.001968960809113738
0.01	1000	0.05	500	28	0.036824953379218206	-0.0018224157337722094
0.01	1000	0.05	500	29	0.034150903553825836	-0.0016871586688662196
0.01	1000	0.05	500	30	0.03177504868390496	-0.0015670754057745824
0.01	1000	0.05	500	31	0.029302606988971563	-0.001442651160600428
0.01	1000	0.05	500	32	0.026862876153833964	-0.0013202629382807996
0.01	1000	0.05	500	33	0.024471434707633993	-0.001200664464621778
0.01	1000	0.05	500	34	0.022313258977202065	-0.001092901395285456
0.01	1000	0.05	500	35	0.020377829888799253	-9.963985744645e-4
0.01	1000	0.05	500	36	0.018817138046102667	-9.185173504576666e-4
0.01	1000	0.05	500	37	0.01753871933705951	-8.546567632376417e-4
0.01	1000	0.05	500	38	0.016195877269181386	-7.878795422875015e-4
0.01	1000	0.05	500	39	0.015298153716344744	-7.429460606845595e-4
0.01	1000	0.05	500	40	0.014523440938427435	-7.04128827975105e-4
0.01	1000	0.05	500	41	0.013746576414949911	-6.653388892209715e-4
0.01	1000	0.05	500	42	0.013031754902195965	-6.296778707015257e-4
0.01	1000	0.05	500	43	0.012637259724230005	-6.095888539316513e-4
0.01	1000	0.05	500	44	0.012193417085665287	-5.871911748264868e-4
0.01	1000	0.05	500	45	0.011648540264853584	-5.60011545840688e-4
0.01	1000	0.05	500	46	0.01120528618064578	-5.378005122179842e-4
0.01	1000	0.05	500	47	0.010760671573573419	-5.155986975459803e-4
0.01	1000	0.05	500	48	0.010228692078918097	-4.89291989778267e-4
0.01	1000	0.05	500	49	0.009857286585437683	-4.707413360871739e-4
0.01	1000	0.05	500	50	0.009516454941540822	-4.5371013554202017e-4
0.1	1000	0.01	500	1	0.010022921865924133	1.1031901908148685e-4
0.1	1000	0.01	500	2	0.010034418736422952	1.0908485493660702e-4
0.1	1000	0.01	500	3	0.010087565580427196	1.0834237353759476e-4
0.1	1000	0.01	500	4	0.010057629550380611	1.0674974267794217e-4
0.1	1000	0.01	500	5	0.010013411577381894	1.0505774127870874e-4
0.1	1000	0.01	500	6	0.009935489126975543	1.0306751337416384e-4
0.1	1000	0.01	500	7	0.009945516521446903	1.0203625933454609e-4
0.1	1000	0.01	500	8	0.009921430196965925	1.0069331468671488e-4
0.1	1000	0.01	500	9	0.00985576147037354	9.897301609241247e-5
0.1	1000	0.01	500	10	0.009764309203558027	9.704344010978768e-5
0.1	1000	0.01	500	11	0.009680132133321888	9.523543110591497e-5
0.1	1000	0.01	500	12	0.009744136754499014	9.491715584494989e-5
0.1	1000	0.01	500	13	0.009789721471953653	9.44374487319897e-5
0.1	1000	0.01	500	14	0.009731310706495296	9.29829704862191e-5
0.1	1000	0.01	500	15	0.00965109059292681	-9.135860491871957e-5
0.1	1000	0.01	500	16	0.009702771104444492	-9.101018233067989e-5
0.1	1000	0.01	500	17	0.009731463605377636	-9.04630132106203e-5
0.1	1000	0.01	500	18	0.00970305486631491	-8.9407742173469e-5
0.1	1000	0.01	500	19	0.009734105286522571	-8.892197460716573e-5
0.1	1000	0.01	500	20	0.009766016639082626	-8.84600717113708e-5
0.1	1000	0.01	500	21	0.009716501303576205	-8.72819880678486e-5
0.1	1000	0.01	500	22	0.009668047306066376	-8.613989652335342e-5
0.1	1000	0.01	500	23	0.009672546309058222	-8.549115076192416e-5
0.1	1000	0.01	500	24	0.009723653834932754	-8.526808550776977e-5
0.1	1000	0.01	500	25	0.009658265078314576	-8.404130971741418e-5
0.1	1000	0.01	500	26	0.009679392024273821	-8.358658488473733e-5
0.1	1000	0.01	500	27	0.00966392258091302	-8.283104040465596e-5
0.1	1000	0.01	500	28	0.00961278700221047	-8.178898380335245e-5
0.1	1000	0.01	500	29	0.009523544960639492	-8.044571984085075e-5
0.1	1000	0.01	500	30	0.009527840902349979	-7.991145135052407e-5
0.1	1000	0.01	500	31	0.009535308390308602	-7.941624559861587e-5
0.1	1000	0.01	500	32	0.009567580644285707	-7.91380274197433e-5
0.1	1000	0.01	500	33	0.009539050217444908	-7.8368886770264e-5
0.1	1000	0.01	500	34	0.009516198469534847	-7.76610197828692e-5
0.1	1000	0.01	500	35	0.009399599141116507	-7.620689528165153e-5
0.1	1000	0.01	500	36	0.009356416182233864	-7.536727536115396e-5
0.1	1000	0.01	500	37	0.009224730658845605	-7.383412141486256e-5
0.1	1000	0.01	500	38	0.00917945747611779	-7.301148265844709e-5
0.1	1000	0.01	500	39	0.009144515095225118	-7.228447593587368e-5
0.1	1000	0.01	500	40	0.008918681031049435	-7.00702323323503e-5
0.1	1000	0.01	500	41	0.00885321647743855	-6.913848977229342e-5
0.1	1000	0.01	500	42	0.008733319997028699	-6.779854095447103e-5
0.1	1000	0.01	500	43	0.008607196145721979	-6.642937239905033e-5
0.1	1000	0.01	500	44	0.00837962108708532	-6.430054619600763e-5
0.1	1000	0.01	500	45	0.008324353427016255	-6.351350276480685e-5
0.1	1000	0.01	500	46	0.008120906632935425	-6.161378689650226e-5
0.1	1000	0.01	500	47	0.008071895334741732	-6.090296594407738e-5
0.1	1000	0.01	500	48	0.007900880373544762	-5.928691147854357e-5
0.1	1000	0.01	500	49	0.007701279834374053	-5.7477352077359595e-5
0.1	1000	0.01	500	50	0.007622230120024282	-5.65842721755232e-5
0.1	1000	0.02	500	1	0.020720075092989804	2.280590819853334e-4
0.1	1000	0.02	500	2	0.020792900941818265	2.2604105355065587e-4
0.1	1000	0.02	500	3	0.020686560454344617	2.2217759498895144e-4
0.1	1000	0.02	500	4	0.020676611022962116	2.1945756652665542e-4
0.1	1000	0.02	500	5	0.020656707752690812	2.1672404474554666e-4
0.1	1000	0.02	500	6	0.020644738897535625	2.1416176649529447e-4
0.1	1000	0.02	500	7	0.02053305294319219	2.106593368502815e-4
0.1	1000	0.02	500	8	0.020530797468968555	2.083685526451888e-4
0.1	1000	0.02	500	9	0.020478307087990984	2.0564619213418107e-4
0.1	1000	0.02	500	10	0.020211094883097483	2.0086973230286551e-4
0.1	1000	0.02	500	11	0.020236552832709084	1.9909199653241852e-4
0.1	1000	0.02	500	12	0.019955658772086042	1.9438708850059826e-4
0.1	1000	0.02	500	13	0.01979236453726342	1.9092886520086629e-4
0.1	1000	0.02	500	14	0.0195546415653816	1.8684519633402062e-4
0.1	1000	0.02	500	15	0.019453488545827746	-1.8414950696366253e-4
0.1	1000	0.02	500	16	0.0199040841438671	-1.866965949788064e-4
0.1	1000	0.02	500	17	0.01999750821799696	-1.8589545452386721e-4
0.1	1000	0.02	500	18	0.02014396167903512	-1.8561434073755963e-4
0.1	1000	0.02	500	19	0.020280129009264142	-1.8526090110086152e-4
0.1	1000	0.02	500	20	0.020431044065157427	-1.8506333645892446e-4
0.1	1000	0.02	500	21	0.02038428140889769	-1.8310918211354949e-4
0.1	1000	0.02	500	22	0.020548244864283808	-1.8307975026511352e-4
0.1	1000	0.02	500	23	0.020593012200525614	-1.820120839358063e-4
0.1	1000	0.02	500	24	0.02079526074230554	-1.8235656073656796e-4
0.1	1000	0.02	500	25	0.02072633324766585	-1.8035000879033553e-4
0.1	1000	0.02	500	26	0.020889795733966137	-1.8039425203185557e-4
0.1	1000	0.02	500	27	0.020699676374476377	-1.774202675758157e-4
0.1	1000	0.02	500	28	0.0204612198442273	-1.7409127842440663e-4
0.1	1000	0.02	500	29	0.02018012091642414	-1.7046219241959032e-4
0.1	1000	0.02	500	30	0.02003138152156083	-1.6800624468332422e-4
0.1	1000	0.02	500	31	0.0196225654027257	-1.6342947805250083e-4
0.1	1000	0.02	500	32	0.01932982957113743	-1.5988624914630592e-4
0.1	1000	0.02	500	33	0.018748182857195095	-1.5402730733052802e-4
0.1	1000	0.02	500	34	0.018329404608382036	-0.00014958496908790839
0.1	1000	0.02	500	35	0.017855720141213054	-1.4476457714326195e-4
0.1	1000	0.02	500	36	0.017403348072543852	-0.00014018646678842612
0.1	1000	0.02	500	37	0.017018252772795037	-1.3621294625989805e-4
0.1	1000	0.02	500	38	0.016409908601240395	-1.3052097690776325e-4
0.1	1000	0.02	500	39	0.01585793114369318	-1.2535188910646253e-4
0.1	1000	0.02	500	40	0.015440206616339075	-1.2130704765647028e-4
0.1	1000	0.02	500	41	0.015090291458871505	-1.1784643065589785e-4
0.1	1000	0.02	500	42	0.014542515543483884	-0.00011289650854330002
0.1	1000	0.02	500	43	0.01432295003059087	-1.1054291842855411e-4
0.1	1000	0.02	500	44	0.013868881726898786	-1.0642207575970571e-4
0.1	1000	0.02	500	45	0.013568062774337183	-1.0352217743832886e-4
0.1	1000	0.02	500	46	0.013325656083690386	-1.0110252109865711e-4
0.1	1000	0.02	500	47	0.013093222270001974	-9.878919843968465e-5
0.1	1000	0.02	500	48	0.012816084888108734	-9.616980062209238e-5
0.1	1000	0.02	500	49	0.012493114866531225	-9.324049731597296e-5
0.1	1000	0.02	500	50	0.012330368472299071	-9.153553680151002e-5
0.1	1000	0.05	500	1	0.0493950939700059	5.436756254416325e-4
0.1	1000	0.05	500	2	0.04909086081276028	5.336701179347121e-4
0.1	1000	0.05	500	3	0.04956251453777207	5.323108356224804e-4
0.1	1000	0.05	500	4	0.049439855028989475	5.247450978326864e-4
0.1	1000	0.05	500	5	0.04917962728571082	5.159780480047359e-4
0.1	1000	0.05	500	6	0.04931596957200083	5.115877324672114e-4
0.1	1000	0.05	500	7	0.048801187268089456	5.006769220263779e-4
0.1	1000	0.05	500	8	0.04832823415553459	4.904867537711106e-4
0.1	1000	0.05	500	9	0.047809510391629846	4.80110182818964e-4
0.1	1000	0.05	500	10	0.047171134930915765	4.688144457685735e-4
0.1	1000	0.05	500	11	0.04621162659614245	4.5464092022460086e-4
0.1	1000	0.05	500	12	0.044994798146070124	4.3829211098363516e-4
0.1	1000	0.05	500	13	0.04356812658534382	4.2028394092106434e-4
0.1	1000	0.05	500	14	0.04189058070719016	4.002657758062741e-4
0.1	1000	0.05	500	15	0.04059989107163291	-3.843243799695301e-4
0.1	1000	0.05	500	16	0.04246729012831331	-3.9833525660491764e-4
0.1	1000	0.05	500	17	0.04402790598573219	-4.0928037162079906e-4
0.1	1000	0.05	500	18	0.04543663437872346	-4.186709183585112e-4
0.1	1000	0.05	500	19	0.046128616159424984	-4.2138928171152286e-4
0.1	1000	0.05	500	20	0.04700769626348684	-4.257932723371844e-4
0.1	1000	0.05	500	21	0.0474600970448002	-4.2632749119670814e-4
0.1	1000	0.05	500	22	0.047443027683199905	-4.2270557497387716e-4
0.1	1000	0.05	500	23	0.047546448042207035	-4.2024100251282113e-4
0.1	1000	0.05	500	24	0.04716320133770461	-4.135807334107313e-4
0.1	1000	0.05	500	25	0.046086730425263796	-4.0102328462996215e-4
0.1	1000	0.05	500	26	0.045505363291627576	-3.929624817289906e-4
0.1	1000	0.05	500	27	0.04442017960533376	-3.8073252976369136e-4
0.1	1000	0.05	500	28	0.04313910249216298	-3.6704270615913387e-4
0.1	1000	0.05	500	29	0.04211248903890054	-3.557256787284393e-4
0.1	1000	0.05	500	30	0.04066043551384035	-3.410252593170371e-4
0.1	1000	0.05	500	31	0.039175648510225224	-3.262802623914301e-4
0.1	1000	0.05	500	32	0.03792400359280865	-3.1368754001427065e-4
0.1	1000	0.05	500	33	0.03668366213626246	-3.0137777857777346e-4
0.1	1000	0.05	500	34	0.035078005993202245	-2.862691153513576e-4
0.1	1000	0.05	500	35	0.033578355386783665	-2.722352490009217e-4
0.1	1000	0.05	500	36	0.03228881146546276	-2.6009101106711446e-4
0.1	1000	0.05	500	37	0.031228594386788728	-2.499515611719982e-4
0.1	1000	0.05	500	38	0.030107702425332488	-2.394703607737091e-4
0.1	1000	0.05	500	39	0.029017216625199876	-2.2937184476468496e-4
0.1	1000	0.05	500	40	0.027980692144146273	-2.198322366877604e-4
0.1	1000	0.05	500	41	0.026683252679557203	-2.083807390430877e-4
0.1	1000	0.05	500	42	0.02541256699926669	-1.972829307805289e-4
0.1	1000	0.05	500	43	0.024223240586276642	-1.8695224813917443e-4
0.1	1000	0.05	500	44	0.023385414782156468	-1.794466513325224e-4
0.1	1000	0.05	500	45	0.022448880860516034	-1.7128141772234496e-4
0.1	1000	0.05	500	46	0.0217521309504273	-1.6503467180486374e-4
0.1	1000	0.05	500	47	0.02109192990161236	-1.5913995848830786e-4
0.1	1000	0.05	500	48	0.020692843000933336	-1.552757026094953e-4
0.1	1000	0.05	500	49	0.020178733791344713	-1.5060096653333744e-4
0.1	1000	0.05	500	50	0.0196360894412412	-1.4577017643263828e-4
0.5	1000	0.01	500	1	0.010027571095788551	3.7532165653681e-5
0.5	1000	0.01	500	2	0.00998952523940633	3.500166686757214e-5
0.5	1000	0.01	500	3	0.010088780576995181	3.333549149404597e-5
0.5	1000	0.01	500	4	0.00998483293975705	3.1311880898483896e-5
0.5	1000	0.01	500	5	0.010009398323498684	2.995583743344875e-5
0.5	1000	0.01	500	6	0.010019898362442548	2.875537814159968e-5
0.5	1000	0.01	500	7	0.009933246557642212	2.744861474068041e-5
0.5	1000	0.01	500	8	0.00992776680099731	2.6509312940510304e-5
0.5	1000	0.01	500	9	0.009936173122181272	2.571676341493847e-5
0.5	1000	0.01	500	10	0.009810133588172908	2.4675978700158602e-5
0.5	1000	0.01	500	11	0.009745954831202492	2.3879475009997658e-5
0.5	1000	0.01	500	12	0.0097767126254093	2.338097155993504e-5
0.5	1000	0.01	500	13	0.009798765083839317	2.2912282346134323e-5
0.5	1000	0.01	500	14	0.009780467185523514	2.2394850826620823e-5
0.5	1000	0.01	500	15	0.009784447636884876	-2.1968533896120287e-5
0.5	1000	0.01	500	16	0.009843738438255641	-2.1697905040090142e-5
0.5	1000	0.01	500	17	0.009872706940442606	-2.138680099651895e-5
0.5	1000	0.01	500	18	0.009859932534921748	-2.101089817136467e-5
0.5	1000	0.01	500	19	0.00992496561462236	-2.082223654112397e-5
0.5	1000	0.01	500	20	0.009973550584816747	-2.061605923543209e-5
0.5	1000	0.01	500	21	0.009864043042101572	-2.0103248828069017e-5
0.5	1000	0.01	500	22	0.009809251589184699	-1.972299316166329e-5
0.5	1000	0.01	500	23	0.009741663714499835	-1.933489369472324e-5
0.5	1000	0.01	500	24	0.009849642399372483	-1.9307483289557916e-5
0.5	1000	0.01	500	25	0.00973618480268155	-1.885804871180025e-5
0.5	1000	0.01	500	26	0.009697496323038924	-1.856778167516965e-5
0.5	1000	0.01	500	27	0.009682382368310686	-1.833370247281273e-5
0.5	1000	0.01	500	28	0.009669424623953099	-1.811332698676365e-5
0.5	1000	0.01	500	29	0.009658374750235009	-1.790530675516828e-5
0.5	1000	0.01	500	30	0.009653363867450793	-1.771644441592141e-5
0.5	1000	0.01	500	31	0.00969451594500907	-1.7618741475888395e-5
0.5	1000	0.01	500	32	0.009689834014132979	-1.7443683161015434e-5
0.5	1000	0.01	500	33	0.009706485789069833	-1.7312969119262995e-5
0.5	1000	0.01	500	34	0.009596795244793673	-1.6964109718624105e-5
0.5	1000	0.01	500	35	0.00959169777055573	-1.680726120140947e-5
0.5	1000	0.01	500	36	0.009568965035139458	-1.6624882452589048e-5
0.5	1000	0.01	500	37	0.009532798726420669	-1.6424661859689675e-5
0.5	1000	0.01	500	38	0.009527313342510103	-1.6282243933146666e-5
0.5	1000	0.01	500	39	0.009525156817785362	-1.6149707885901112e-5
0.5	1000	0.01	500	40	0.00949749226946209	-1.5978169975203737e-5
0.5	1000	0.01	500	41	0.009528604789337888	-1.59091133884513e-5
0.5	1000	0.01	500	42	0.00941326971120676	-1.560002327364613e-5
0.5	1000	0.01	500	43	0.009446732975879875	-1.554177828820044e-5
0.5	1000	0.01	500	44	0.009415003090767355	-1.5379317946856885e-5
0.5	1000	0.01	500	45	0.009375621976093306	-1.5208088363558875e-5
0.5	1000	0.01	500	46	0.009359156647514343	-1.5077416966163384e-5
0.5	1000	0.01	500	47	0.009283638311698402	-1.4855231815128389e-5
0.5	1000	0.01	500	48	0.009309466627732235	-1.4798238248368785e-5
0.5	1000	0.01	500	49	0.009227547168345184	-1.4572911644168525e-5
0.5	1000	0.01	500	50	0.00923104818878767	-1.4485541830565926e-5
0.5	1000	0.02	500	1	0.019815200040270972	7.416625255188905e-5
0.5	1000	0.02	500	2	0.01967803339476223	6.89486189769475e-5
0.5	1000	0.02	500	3	0.019798076888101538	6.541708570872134e-5
0.5	1000	0.02	500	4	0.019530708973148753	6.124721734653925e-5
0.5	1000	0.02	500	5	0.019596840347098677	5.864885627228626e-5
0.5	1000	0.02	500	6	0.019511237517337986	5.599388262505815e-5
0.5	1000	0.02	500	7	0.01962103448193446	5.421895179817842e-5
0.5	1000	0.02	500	8	0.01963706570225039	5.243526871340522e-5
0.5	1000	0.02	500	9	0.01969485937753185	5.097415603315097e-5
0.5	1000	0.02	500	10	0.019541528742947435	4.915390220688286e-5
0.5	1000	0.02	500	11	0.019491359801434585	4.7757602754229263e-5
0.5	1000	0.02	500	12	0.0192753750141185	4.609698702208909e-5
0.5	1000	0.02	500	13	0.019231611803428892	4.4968944131351936e-5
0.5	1000	0.02	500	14	0.01911170968101803	4.376108822097891e-5
0.5	1000	0.02	500	15	0.01916805828692006	-4.3037088431195134e-5
0.5	1000	0.02	500	16	0.019245239989746595	-4.242101640454238e-5
0.5	1000	0.02	500	17	0.019168933867845597	-4.152479926935489e-5
0.5	1000	0.02	500	18	0.01911008115328182	-4.0722385040264986e-5
0.5	1000	0.02	500	19	0.019254758022532823	-4.0395820162500166e-5
0.5	1000	0.02	500	20	0.019335124187958627	-3.996711724611111e-5
0.5	1000	0.02	500	21	0.0193162105403826	-3.9367081555835156e-5
0.5	1000	0.02	500	22	0.01914971784765466	-3.850342207284197e-5
0.5	1000	0.02	500	23	0.019191923224258584	-3.8091419105959334e-5
0.5	1000	0.02	500	24	0.019196655180003776	-3.76297010668064e-5
0.5	1000	0.02	500	25	0.019408789719130442	-3.759294933058814e-5
0.5	1000	0.02	500	26	0.019298486136898083	-3.695078248185622e-5
0.5	1000	0.02	500	27	0.01937658578641284	-3.668978823948322e-5
0.5	1000	0.02	500	28	0.019540840952570974	-3.6605036549274715e-05
0.5	1000	0.02	500	29	0.019557406699271845	-3.625675906575533e-5
0.5	1000	0.02	500	30	0.019400568780084795	-3.560511166356742e-5
0.5	1000	0.02	500	31	0.019424437054161005	-3.530182803486118e-5
0.5	1000	0.02	500	32	0.019386485137259366	-3.489963851257425e-5
0.5	1000	0.02	500	33	0.019358542428135166	-3.452885570899952e-5
0.5	1000	0.02	500	34	0.019166614294858282	-3.388053402607691e-5
0.5	1000	0.02	500	35	0.019090266239431476	-3.345133455680014e-5
0.5	1000	0.02	500	36	0.018992521286470578	-3.299713529168173e-5
0.5	1000	0.02	500	37	0.01892080933498767	-3.2599859113517445e-5
0.5	1000	0.02	500	38	0.01876135148730381	-3.206327853926787e-5
0.5	1000	0.02	500	39	0.01850163232473684	-3.1369137870668337e-5
0.5	1000	0.02	500	40	0.018512594988116585	-3.1144788646296494e-5
0.5	1000	0.02	500	41	0.018411953632236668	-3.0740896963837115e-5
0.5	1000	0.02	500	42	0.01837593068699282	-3.045328086697797e-5
0.5	1000	0.02	500	43	0.018043075421208577	-2.968449288761482e-5
0.5	1000	0.02	500	44	0.017899835942583455	-2.9239211660750585e-5
0.5	1000	0.02	500	45	0.01786577333564145	-2.8979865044107148e-5
0.5	1000	0.02	500	46	0.017670853880882954	-2.8467397453057794e-5
0.5	1000	0.02	500	47	0.01763632527347312	-2.8220800025601228e-5
0.5	1000	0.02	500	48	0.01745687797010493	-2.7749284637292057e-5
0.5	1000	0.02	500	49	0.017261772018233458	-2.7261229214459718e-5
0.5	1000	0.02	500	50	0.01728237188734479	-2.7119836857704427e-5
0.5	1000	0.05	500	1	0.049082503496431895	1.8371075451154337e-4
0.5	1000	0.05	500	2	0.04958575521045651	1.7374039743219295e-4
0.5	1000	0.05	500	3	0.04931790993899439	1.6295693565030717e-4
0.5	1000	0.05	500	4	0.04940572395179723	1.5493360313744908e-4
0.5	1000	0.05	500	5	0.049211948763936454	1.4728009509770446e-4
0.5	1000	0.05	500	6	0.0496701281511242	1.4254469113987296e-4
0.5	1000	0.05	500	7	0.04936453705788622	1.3640939562820884e-4
0.5	1000	0.05	500	8	0.04953510643034682	1.322695893472875e-4
0.5	1000	0.05	500	9	0.04887935983629228	1.2650936304415186e-4
0.5	1000	0.05	500	10	0.04938173067121513	1.2421263413669997e-4
0.5	1000	0.05	500	11	0.048388061321934274	1.185601124909786e-4
0.5	1000	0.05	500	12	0.04862626955993276	1.1628954119932777e-4
0.5	1000	0.05	500	13	0.04835089188148064	1.1305805139700651e-4
0.5	1000	0.05	500	14	0.04788685033080921	1.0964904327909028e-4
0.5	1000	0.05	500	15	0.04770962349538965	-1.0712004599815066e-4
0.5	1000	0.05	500	16	0.047841062013414384	-1.0545290563084859e-4
0.5	1000	0.05	500	17	0.048315049547396884	-1.0466271874983922e-4
0.5	1000	0.05	500	18	0.048644729185241604	-1.0365886864486886e-4
0.5	1000	0.05	500	19	0.04846769549748874	-1.0168355835561043e-4
0.5	1000	0.05	500	20	0.048470910079139264	-1.00192919751978e-4
0.5	1000	0.05	500	21	0.048328408974065665	-9.849490993941685e-5
0.5	1000	0.05	500	22	0.048326251768240396	-9.716728381242838e-5
0.5	1000	0.05	500	23	0.04852344402599174	-9.630753631414729e-5
0.5	1000	0.05	500	24	0.04830706456875283	-9.46925587865212e-5
0.5	1000	0.05	500	25	0.04842823504606395	-9.380080945810053e-5
0.5	1000	0.05	500	26	0.048349067604470185	-9.257388727696832e-5
0.5	1000	0.05	500	27	0.048157357068076806	-9.118650997018701e-5
0.5	1000	0.05	500	28	0.04774946450354843	-8.944706615253015e-5
0.5	1000	0.05	500	29	0.04730056534027778	-8.768878346638463e-5
0.5	1000	0.05	500	30	0.046747949367357725	-8.579469891502287e-5
0.5	1000	0.05	500	31	0.04624396332545323	-8.404343644110252e-5
0.5	1000	0.05	500	32	0.04565524068267941	-8.218877144303912e-5
0.5	1000	0.05	500	33	0.04499695419762647	-8.02587976136163e-5
0.5	1000	0.05	500	34	0.04441168082147853	-7.850585607240114e-5
0.5	1000	0.05	500	35	0.043651623673300666	-7.648950774856263e-5
0.5	1000	0.05	500	36	0.04313364573084722	-7.493932597659487e-5
0.5	1000	0.05	500	37	0.042741715976963184	-7.364240580039044e-5
0.5	1000	0.05	500	38	0.04215481725100242	-7.204287218889828e-5
0.5	1000	0.05	500	39	0.042042264144352484	-7.128179596218452e-5
0.5	1000	0.05	500	40	0.041158680844273654	-6.924358344565553e-5
0.5	1000	0.05	500	41	0.040608775340377386	-6.780107116826919e-5
0.5	1000	0.05	500	42	0.039959847520410575	-6.622295657667291e-5
0.5	1000	0.05	500	43	0.03974447001771594	-6.538765759279207e-5
0.5	1000	0.05	500	44	0.038622363208682446	-6.30892627351122e-5
0.5	1000	0.05	500	45	0.03806031882336253	-6.173720455953248e-5
0.5	1000	0.05	500	46	0.03722348872763634	-5.9966306967509864e-5
0.5	1000	0.05	500	47	0.036888990082522395	-5.902798888785975e-5
0.5	1000	0.05	500	48	0.03642809181078991	-5.790574295026369e-5
0.5	1000	0.05	500	49	0.03580634342202044	-5.65483621454558e-5
0.5	1000	0.05	500	50	0.03500856738500828	-5.4936130427710845e-5
1.5	1000	0.01	500	1	0.009764045427731242	2.644850182425163e-5
1.5	1000	0.01	500	2	0.009822865236625735	2.0679933490576453e-5
1.5	1000	0.01	500	3	0.00979707414208088	1.6804423738578484e-5
1.5	1000	0.01	500	4	0.00973707522865154	1.4183491439807424e-5
1.5	1000	0.01	500	5	0.009843843669924553	1.2602487336805793e-5
1.5	1000	0.01	500	6	0.009893904801082596	1.1438709937516014e-5
1.5	1000	0.01	500	7	0.009785895984060607	1.0431488616259602e-5
1.5	1000	0.01	500	8	0.009810011807070964	9.793377696042652e-6
1.5	1000	0.01	500	9	0.00982831294880058	9.296601692555569e-6
1.5	1000	0.01	500	10	0.009820290268950113	8.878588601191838e-6
1.5	1000	0.01	500	11	0.009759840237754393	8.489867717158717e-6
1.5	1000	0.01	500	12	0.009783876936857923	8.230003673217467e-6
1.5	1000	0.01	500	13	0.009773524560836086	7.981339696914807e-6
1.5	1000	0.01	500	14	0.009654009105416833	7.67743757422257e-6
1.5	1000	0.01	500	15	0.009647708830567241	-7.4903485927521875e-6
1.5	1000	0.01	500	16	0.009689173115766567	-7.359052927414157e-6
1.5	1000	0.01	500	17	0.009672043159140893	-7.19861689604904e-6
1.5	1000	0.01	500	18	0.009668423361970187	-7.061625301405901e-6
1.5	1000	0.01	500	19	0.009783924532031873	-7.0212123188514195e-6
1.5	1000	0.01	500	20	0.009656858839851568	-6.816234402779053e-6
1.5	1000	0.01	500	21	0.009679920667980402	-6.726534707484646e-6
1.5	1000	0.01	500	22	0.00963328417249548	-6.595664795672562e-6
1.5	1000	0.01	500	23	0.009606887631973154	-6.485533667377692e-6
1.5	1000	0.01	500	24	0.00966388916278108	-6.436872325547952e-6
1.5	1000	0.01	500	25	0.009690648479384173	-6.372193314242309e-6
1.5	1000	0.01	500	26	0.009704426913858841	-6.303017227368462e-6
1.5	1000	0.01	500	27	0.009603146266544418	-0
1.5	1000	0.01	500	28	0.009596814384373428	-0
1.5	1000	0.01	500	29	0.009628251225983568	-0
1.5	1000	0.01	500	30	0.00957776035313727	-0
1.5	1000	0.01	500	31	0.00967450647544767	-0
1.5	1000	0.01	500	32	0.009669247940581872	-0
1.5	1000	0.01	500	33	0.00960417595465083	-0
1.5	1000	0.01	500	34	0.009609031328758854	-0
1.5	1000	0.01	500	35	0.009617927302281403	-0
1.5	1000	0.01	500	36	0.009640435531573236	-0
1.5	1000	0.01	500	37	0.009630115016648236	-0
1.5	1000	0.01	500	38	0.009615219207285898	-0
1.5	1000	0.01	500	39	0.009576301185304345	-0
1.5	1000	0.01	500	40	0.00953679018836149	-0
1.5	1000	0.01	500	41	0.009547545191394051	-0
1.5	1000	0.01	500	42	0.009492733325108454	-0
1.5	1000	0.01	500	43	0.009455773138056851	-0
1.5	1000	0.01	500	44	0.009461632873482645	-0
1.5	1000	0.01	500	45	0.009483811920012566	-0
1.5	1000	0.01	500	46	0.009403849686494414	-0
1.5	1000	0.01	500	47	0.009391053762453734	-0
1.5	1000	0.01	500	48	0.009420283371732239	-0
1.5	1000	0.01	500	49	0.0094214413163074	-0
1.5	1000	0.01	500	50	0.00936652956073516	-0
1.5	1000	0.02	500	1	0.020097972176659908	5.4440678068584205e-5
1.5	1000	0.02	500	2	0.020144480497539127	4.2409878060632524e-5
1.5	1000	0.02	500	3	0.020053572215564693	3.439687401517996e-5
1.5	1000	0.02	500	4	0.019967880086320774	2.908617317057058e-5
1.5	1000	0.02	500	5	0.019967325149841626	2.556297832315043e-5
1.5	1000	0.02	500	6	0.01998752639831962	2.310831986313486e-5
1.5	1000	0.02	500	7	0.020214480813923266	2.154806538282256e-5
1.5	1000	0.02	500	8	0.020072151708017502	2.003811684581197e-5
1.5	1000	0.02	500	9	0.019961943689428524	1.8882003499134366e-5
1.5	1000	0.02	500	10	0.020039605014733463	1.8117937839246898e-5
1.5	1000	0.02	500	11	0.0199411851304431	1.734639294872182e-5
1.5	1000	0.02	500	12	0.019822828598681015	1.6674571157586308e-5
1.5	1000	0.02	500	13	0.019631310946355326	1.603149000990695e-5
1.5	1000	0.02	500	14	0.019817321989320326	1.5759903559227665e-5
1.5	1000	0.02	500	15	0.019900366379554037	-1.545037105950693e-5
1.5	1000	0.02	500	16	0.01982983941855886	-1.5061020799167849e-5
1.5	1000	0.02	500	17	0.019797680002964738	-1.4734830213947573e-5
1.5	1000	0.02	500	18	0.019893708369749945	-1.4529971341055321e-5
1.5	1000	0.02	500	19	0.0198030755798412	-1.4211229630514263e-5
1.5	1000	0.02	500	20	0.019787893655864548	-1.3967163001184604e-5
1.5	1000	0.02	500	21	0.019909286461743128	-1.3834876439551464e-5
1.5	1000	0.02	500	22	0.019900690701288377	-1.3625497049367525e-5
1.5	1000	0.02	500	23	0.019976739337718916	-1.3486138331420677e-5
1.5	1000	0.02	500	24	0.019944445077318244	-1.3284490788763935e-5
1.5	1000	0.02	500	25	0.019754708610933754	-1.2989927599086391e-5
1.5	1000	0.02	500	26	0.01973210346725831	-1.2815984827371041e-5
1.5	1000	0.02	500	27	0.019778572153326006	-0
1.5	1000	0.02	500	28	0.019680200316093598	-0
1.5	1000	0.02	500	29	0.019784824122430423	-0
1.5	1000	0.02	500	30	0.019775526373272807	-0
1.5	1000	0.02	500	31	0.019955558175502697	-0
1.5	1000	0.02	500	32	0.0197837120489935	-0
1.5	1000	0.02	500	33	0.01966979058518567	-0
1.5	1000	0.02	500	34	0.01972206187446055	-0
1.5	1000	0.02	500	35	0.019578524702512132	-0
1.5	1000	0.02	500	36	0.019525072565019563	-0
1.5	1000	0.02	500	37	0.01954920117994922	-0
1.5	1000	0.02	500	38	0.01945293104212353	-0
1.5	1000	0.02	500	39	0.01937284155086577	-0
1.5	1000	0.02	500	40	0.01936504773716548	-0
1.5	1000	0.02	500	41	0.01940279839868452	-0
1.5	1000	0.02	500	42	0.01929782013846401	-0
1.5	1000	0.02	500	43	0.01919665085763504	-0
1.5	1000	0.02	500	44	0.019124861205025014	-0
1.5	1000	0.02	500	45	0.019106539040865622	-0
1.5	1000	0.02	500	46	0.019057423254319462	-0
1.5	1000	0.02	500	47	0.018877521895938863	-0
1.5	1000	0.02	500	48	0.01899746086654322	-0
1.5	1000	0.02	500	49	0.018942777443374113	-0
1.5	1000	0.02	500	50	0.01874106419749175	-0
1.5	1000	0.05	500	1	0.05048641785942703	1.3675582777017577e-4
1.5	1000	0.05	500	2	0.05025708285503464	1.0580549624129043e-4
1.5	1000	0.05	500	3	0.050234814355118965	8.616522592457843e-5
1.5	1000	0.05	500	4	0.050371818324023356	7.33740098776316e-5
1.5	1000	0.05	500	5	0.05046719017047776	6.461014075129969e-5
1.5	1000	0.05	500	6	0.04991607942153934	5.770982895029718e-5
1.5	1000	0.05	500	7	0.049672180645929515	5.294914106963547e-5
1.5	1000	0.05	500	8	0.049900128260006206	4.981551630539003e-5
1.5	1000	0.05	500	9	0.049601845653773194	4.6918388197541346e-5
1.5	1000	0.05	500	10	0.049263077261485676	4.453907005339676e-5
1.5	1000	0.05	500	11	0.049392670578305826	4.296558439398159e-5
1.5	1000	0.05	500	12	0.04964751353425727	4.176250594626471e-5
1.5	1000	0.05	500	13	0.04896897976422474	3.9989469477139184e-5
1.5	1000	0.05	500	14	0.04904201559831085	3.900110401375306e-5
1.5	1000	0.05	500	15	0.04864806945122402	-3.7769692779240106e-5
1.5	1000	0.05	500	16	0.04901374273880355	-3.72265747216944e-5
1.5	1000	0.05	500	17	0.04914227731268562	-3.657514983678465e-5
1.5	1000	0.05	500	18	0.048907843280294704	-3.5721321937948934e-5
1.5	1000	0.05	500	19	0.04919589348079729	-3.5304321104829933e-5
1.5	1000	0.05	500	20	0.049180388464669225	-3.471367463833292e-5
1.5	1000	0.05	500	21	0.04952494032549596	-3.44146653068654e-5
1.5	1000	0.05	500	22	0.04940302382207593	-3.382499459046162e-5
1.5	1000	0.05	500	23	0.04969322776559701	-3.354750404718254e-5
1.5	1000	0.05	500	24	0.04974301845727647	-3.31325673860191e-5
1.5	1000	0.05	500	25	0.049427359322928376	-3.2501507952564985e-5
1.5	1000	0.05	500	26	0.04932502786520486	-3.2036564666258246e-5
1.5	1000	0.05	500	27	0.04892114085124722	-0
1.5	1000	0.05	500	28	0.049308235323488825	-0
1.5	1000	0.05	500	29	0.04949341402395102	-0
1.5	1000	0.05	500	30	0.04914883194747464	-0
1.5	1000	0.05	500	31	0.04944649742914828	-0
1.5	1000	0.05	500	32	0.04911701158568831	-0
1.5	1000	0.05	500	33	0.04859384786496831	-0
1.5	1000	0.05	500	34	0.048553203272794186	-0
1.5	1000	0.05	500	35	0.04806196924195616	-0
1.5	1000	0.05	500	36	0.04795884830521982	-0
1.5	1000	0.05	500	37	0.047231296344125276	-0
1.5	1000	0.05	500	38	0.04703715530213327	-0
1.5	1000	0.05	500	39	0.04661982083417533	-0
1.5	1000	0.05	500	40	0.04606034428789713	-0
1.5	1000	0.05	500	41	0.045315241815159495	-0
1.5	1000	0.05	500	42	0.04510759813528903	-0
1.5	1000	0.05	500	43	0.044555887944208804	-0
1.5	1000	0.05	500	44	0.04452937037572454	-0
1.5	1000	0.05	500	45	0.04437323675705272	-0
1.5	1000	0.05	500	46	0.043996283249521075	-0
1.5	1000	0.05	500	47	0.04351214482084134	-0
1.5	1000	0.05	500	48	0.04361176494997911	-0
1.5	1000	0.05	500	49	0.04292159840042164	-0
1.5	1000	0.05	500	50	0.04250825656504605	-0
