N	alpha	rec_frac	gen	wvar	kvar	wbar	theory_va	cov
1000	0.05	1e-4	5	2.925237887887893e-4	2.0031391391391393	1.0527191	3.117578300542352e-4	5.9252219162354654e-5
1000	0.05	1e-4	6	2.931145645645651e-4	1.999971971971972	1.0529752000000001	3.1134156352403725e-4	5.916718686812724e-5
1000	0.05	1e-4	7	2.897730430430436e-4	2.0032992992992993	1.0532684	3.108339113456486e-4	5.9064805844040086e-5
1000	0.05	1e-4	8	2.9186735735735786e-4	1.9952872872872873	1.0536054000000001	3.102355127651076e-4	5.894520275488936e-5
1000	0.05	1e-4	9	2.89466456456457e-4	2.005297297297297	1.0538976	3.0954711156862665e-4	5.88085240766468e-5
1000	0.05	1e-4	10	2.896375575575581e-4	2.006974974974975	1.0541634	3.087695541589591e-4	5.865493572112161e-5
1000	0.05	1e-4	11	2.8841195195195246e-4	2.0023703703703704	1.0544134	3.0790378738842074e-4	5.848462261462247e-5
1000	0.05	1e-4	12	2.9111301301301353e-4	1.9983743743743743	1.0546896000000001	3.069508561579371e-4	5.829778823243179e-5
1000	0.05	1e-4	13	2.916685785785791e-4	2.000988988988989	1.0550142	3.059119007923887e-4	5.809465409107392e-5
1000	0.05	1e-4	14	2.886973123123128e-4	2.000024024024024	1.0553033	3.0478815420336417e-4	5.787545920051664e-5
1000	0.05	1e-4	15	2.8771686186186235e-4	1.9912672672672673	1.0555333	3.035809388511915e-4	5.7640459478587926e-5
1000	0.05	1e-4	16	2.8859024024024076e-4	2.0037197197197196	1.0558398	3.022916635188527e-4	5.738992713002741e-5
1000	0.05	1e-4	17	2.867682982982988e-4	1.9982822822822823	1.0561416000000001	3.0092181991088767e-4	5.712414999268571e-5
1000	0.05	1e-4	18	2.8879890890890945e-4	2.0034954954954953	1.0564174	2.994729790910864e-4	5.684343085351361e-5
1000	0.05	1e-4	19	2.86521496496497e-4	2.004980980980981	1.0567019	2.9794678777313866e-4	5.6548086737051685e-5
1000	0.05	1e-4	20	2.864752202202207e-4	1.9946106106106105	1.0569299	2.9634496447870494e-4	5.623844816918481e-5
1000	0.05	1e-4	21	2.8663137637637687e-4	1.9987827827827829	1.0572103000000002	2.9466929557784584e-4	5.5914858419013064e-5
1000	0.05	1e-4	22	2.851352902902908e-4	2.0010530530530533	1.0574453000000001	2.9292163122669615e-4	5.557767272167924e-5
1000	0.05	1e-4	23	2.831226926926932e-4	2.004656656656657	1.0577064	2.911038812177191e-4	5.522725748507573e-5
1000	0.05	1e-4	24	2.817167067067072e-4	1.9935775775775775	1.0579640000000001	2.8921801075753884e-4	5.4863989483287305e-5
1000	0.05	1e-4	25	2.8243452952953e-4	2.0027507507507507	1.0582485000000001	2.872660361876019e-4	5.448825503967204e-5
1000	0.05	1e-4	26	2.81849514514515e-4	1.9974654654654656	1.0584805000000002	2.852500206626479e-4	5.4100449202429e-5
1000	0.05	1e-4	27	2.833567767767773e-4	2.0038718718718718	1.0587186	2.831720698018192e-4	5.37009749154702e-5
1000	0.05	1e-4	28	2.826690040040045e-4	1.9976736736736738	1.0589839	2.810343273269667e-4	5.329024218736108e-5
1000	0.05	1e-4	29	2.791103403403408e-4	2.0012052052052054	1.059253	2.788389707023761e-4	5.2868667261027555e-5
1000	0.05	1e-4	30	2.803552002002007e-4	1.9998038038038037	1.0595067	2.7658820678973977e-4	5.2436671786850524e-5
1000	0.05	1e-4	31	2.803776876876882e-4	1.9985065065065064	1.0597694	2.742842675317828e-4	5.1994682001687536e-5
1000	0.05	1e-4	32	2.8140248748748797e-4	1.9943863863863864	1.0600499	2.7192940567731066e-4	5.1543127916237326e-5
1000	0.05	1e-4	33	2.809339889889895e-4	2.000056056056056	1.0603397	2.6952589056015633e-4	5.108244251310685e-5
1000	0.05	1e-4	34	2.795371171171176e-4	1.9936896896896896	1.0606084	2.6707600394360156e-4	5.0613060957766576e-5
1000	0.05	1e-4	35	2.7792933933933983e-4	1.998858858858859	1.0608626	2.645820359413848e-4	5.0135419824491286e-5
1000	0.05	1e-4	36	2.783377927927933e-4	2.005793793793794	1.0611691	2.620462810257415e-4	4.9649956339254836e-5
1000	0.05	1e-4	37	2.7683238738738787e-4	2.011307307307307	1.0614299	2.594710341321943e-4	4.915710764140847e-5
1000	0.05	1e-4	38	2.7652078078078127e-4	1.9978218218218218	1.061717	2.568585868700255e-4	4.865731006582166e-5
1000	0.05	1e-4	39	2.772052802802808e-4	2.0036956956956957	1.0619729	2.542112238467622e-4	4.8150998447049056e-5
1000	0.05	1e-4	40	2.788606106106111e-4	1.99809009009009	1.0621722	2.5153121911415877e-4	4.763860544692612e-5
1000	0.05	1e-4	41	2.7694727227227275e-4	1.9921801801801802	1.0624097000000001	2.488208327424769e-4	4.712056090686472e-5
1000	0.05	1e-4	42	2.779311911911917e-4	2.000788788788789	1.0626866000000001	2.460823075290117e-4	4.6597291225958104e-5
1000	0.05	1e-4	43	2.7582585585585634e-4	1.9982902902902904	1.062946	2.4331786584618924e-4	4.606921876588551e-5
1000	0.05	1e-4	44	2.7620621621621673e-4	2.0023303303303304	1.0631942	2.4052970663377912e-4	4.553676128345798e-5
1000	0.05	1e-4	45	2.738701901901907e-4	1.9945865865865866	1.0634844	2.3772000253885746e-4	4.5000331391474425e-5
1000	0.05	1e-4	46	2.742732232232237e-4	2.0024104104104103	1.0636882	2.3489089720682573e-4	4.4460336048493785e-5
1000	0.05	1e-4	47	2.7380303303303354e-4	2.001297297297297	1.0639266	2.320445027256185e-4	4.3917176077906887e-5
1000	0.05	1e-4	48	2.7255907907907957e-4	2.0034954954954953	1.0642392	2.2918289722494734e-4	4.337124571663725e-5
1000	0.05	1e-4	49	2.7146829329329376e-4	1.9962602602602602	1.0644597	2.263081226315843e-4	4.2822932193640006e-5
1000	0.05	1e-4	50	2.7227719719719767e-4	2.0036276276276275	1.0647148	2.234221825810647e-4	4.227261533824998e-5
1000	0.05	1e-4	51	2.691953353353358e-4	1.9905065065065064	1.0649766	2.2052704048562439e-4	4.172066721832329e-5
1000	0.05	1e-4	52	2.687543243243248e-4	2.005353353353353	1.0652216	2.1762461775765103e-4	4.116745180801525e-5
1000	0.05	1e-4	53	2.6827597097097143e-4	2.005317317317317	1.0654755	2.147167921873291e-4	4.061332468492429e-5
1000	0.05	1e-4	54	2.682347847847853e-4	1.9988028028028029	1.0657338	2.1180539647273287e-4	4.005863275625119e-5
1000	0.05	1e-4	55	2.654230530530535e-4	1.9975415415415416	1.0659952000000001	2.0889221689997093e-4	3.9503714013500185e-5
1000	0.05	1e-4	56	2.638049549549554e-4	2.0025705705705708	1.0662354	2.0597899217084968e-4	3.894889731522315e-5
1000	0.05	1e-4	57	2.6600479979980025e-4	2.0085045045045047	1.0664497000000002	2.0306741237487782e-4	3.839450219718638e-5
1000	0.05	1e-4	58	2.64226506506507e-4	2.003071071071071	1.066673	2.0015911810215343e-4	3.7840838709287104e-5
1000	0.05	1e-4	59	2.6181820320320365e-4	1.993805805805806	1.0669253	1.972556996933161e-4	3.728820727847917e-5
1000	0.05	1e-4	60	2.620324024024029e-4	1.9985665665665666	1.0671874000000001	1.9435869662258497e-4	3.673689859693793e-5
1000	0.05	1e-4	61	2.6112859359359405e-4	1.9982662662662662	1.0674349	1.9146959700944234e-4	3.6187193534607154e-5
1000	0.05	1e-4	62	2.5966080580580624e-4	2.0064024024024025	1.0676869	1.8858983725439954e-4	3.563936307524878e-5
1000	0.05	1e-4	63	2.5680386386386434e-4	2.0067187187187185	1.0679078	1.857208017941788e-4	3.5093668275097265e-5
1000	0.05	1e-4	64	2.564337337337342e-4	1.997845845845846	1.0681306000000002	1.828638229712748e-4	3.4550360243151105e-5
1000	0.05	1e-4	65	2.542157757757762e-4	1.9992192192192193	1.0683666	1.8002018101291158e-4	3.400968014214489e-5
1000	0.05	1e-4	66	2.5239706206206254e-4	1.9975175175175175	1.0685859	1.7719110411421458e-4	3.347185920920866e-5
1000	0.05	1e-4	67	2.510919219219224e-4	2.00391991991992	1.0688186	1.7437776862039146e-4	3.293711879521762e-5
1000	0.05	1e-4	68	2.516839289289294e-4	2.0033313313313315	1.0690569	1.715812993025759e-4	3.2405670421809247e-5
1000	0.05	1e-4	69	2.5021670170170216e-4	2.006226226226226	1.0692963	1.6880276972216317e-4	3.1877715855079065e-5
1000	0.05	1e-4	70	2.4882741241241284e-4	2.001277277277277	1.0695273	1.6604320267816258e-4	3.135344719490947e-5
1000	0.05	1e-4	71	2.482904904904909e-4	2.011307307307307	1.0698094	1.6330357073245997e-4	3.0833046978956466e-5
1000	0.05	1e-4	72	2.461272072072076e-4	2.0014574574574575	1.0700254	1.6058479680762424e-4	3.0316688300271016e-5
1000	0.05	1e-4	73	2.4397252252252296e-4	2.0008568568568568	1.0702842000000001	1.5788775485214634e-4	2.9804534937580453e-5
1000	0.05	1e-4	74	2.4278161661661705e-4	1.9954634634634634	1.0704813	1.552132705679928e-4	2.9296741497255177e-5
1000	0.05	1e-4	75	2.428151701701706e-4	1.996848848848849	1.0707155000000002	1.5256212219546557e-4	2.8793453566007035e-5
1000	0.05	1e-4	76	2.4111990490490533e-4	1.9993353353353354	1.0709617	1.49935041350484e-4	2.829480787339036e-5
1000	0.05	1e-4	77	2.373276676676681e-4	1.998006006006006	1.0711698	1.4733271390947195e-4	2.7800932463189584e-5
1000	0.05	1e-4	78	2.3918771771771816e-4	2.0014814814814814	1.0713978	1.4475578093725268e-4	2.731194687281995e-5
1000	0.05	1e-4	79	2.3569170670670713e-4	2.0005685685685686	1.0716319	1.4220483965338802e-4	2.6827962319874665e-5
1000	0.05	1e-4	80	2.3556649649649692e-4	2.0020580580580583	1.0718554	1.3968044443265224e-4	2.63490818950005e-5
1000	0.05	1e-4	81	2.3440990990991032e-4	2.001985985985986	1.072095	1.371831078353954e-4	2.587540076029663e-5
1000	0.05	1e-4	82	2.3225251751751792e-4	2.000868868868869	1.0722999	1.3471330166374914e-4	2.5407006352469612e-5
1000	0.05	1e-4	83	2.299421921921926e-4	1.9985985985985986	1.0725116000000001	1.3227145803983598e-4	2.4943978590017032e-5
1000	0.05	1e-4	84	2.2886827327327368e-4	1.994938938938939	1.0727015	1.2985797050221585e-4	2.4486390083726912e-5
1000	0.05	1e-4	85	2.257951151151155e-4	2.004136136136136	1.072918	1.2747319511709833e-4	2.4034306349835955e-5
1000	0.05	1e-4	86	2.2371721721721761e-4	1.9931331331331332	1.073152	1.2511745160085594e-4	2.358778602519146e-5
1000	0.05	1e-4	87	2.2038453953953993e-4	2.0135375375375375	1.0733509	1.2279102445075972e-4	2.314688108383519e-5
1000	0.05	1e-4	88	2.186710010010014e-4	2.006958958958959	1.0735162	1.204941640808218e-4	2.2711637054420924e-5
1000	0.05	1e-4	89	2.1615363863863903e-4	2.0016536536536536	1.0737117	1.1822708795996161e-4	2.228209323794049e-5
1000	0.05	1e-4	90	2.132484284284288e-4	2.0023463463463465	1.0738918000000002	1.15989981749759e-4	2.185828292524227e-5
1000	0.05	1e-4	91	2.1261329329329368e-4	2.0016656656656657	1.0740542	1.1378300043936223e-4	2.1440233613884014e-5
1000	0.05	1e-4	92	2.1070024024024062e-4	1.9992552552552552	1.074246	1.116062694751309e-4	2.102796722386448e-5
1000	0.05	1e-4	93	2.0643008008008044e-4	1.9953633633633634	1.0744706000000002	1.094598858828913e-4	2.0621500311834684e-5
1000	0.05	1e-4	94	2.0393549049049087e-4	1.9935935935935936	1.0746689	1.0734391938073812e-4	2.0220844283400644e-5
1000	0.05	1e-4	95	2.0246111111111147e-4	2.0042042042042043	1.0748576	1.0525841348054647e-4	1.982600560317313e-5
1000	0.05	1e-4	96	2.0025031531531568e-4	2.001193193193193	1.0750255	1.0320338657647581e-4	1.9436986002242156e-5
1000	0.05	1e-4	97	1.980763513513517e-4	2.0033153153153154	1.0752209000000001	1.0117883301886565e-4	1.9053782682776824e-5
1000	0.05	1e-4	98	1.9467139639639674e-4	1.9984984984984986	1.0754049	9.918472417212281e-5	1.8676388519488705e-5
1000	0.05	1e-4	99	1.9124290790790825e-4	1.9968328328328329	1.0756195000000002	9.722100945527429e-5	1.8304792257711285e-5
1000	0.05	1e-4	100	1.8990464464464497e-4	2.0002642642642643	1.075768	9.528761736407226e-5	1.793897870788825e-5
1000	0.05	5e-4	5	2.896563213213218e-4	2.0036196196196197	1.0502111	3.117578300542352e-4	3.597205731395022e-5
1000	0.05	5e-4	6	2.8949641641641695e-4	2.0081481481481482	1.0504922	3.1134156352403725e-4	3.590606454718561e-5
1000	0.05	5e-4	7	2.8916436436436486e-4	2.006142142142142	1.0507752000000001	3.108339113456486e-4	3.582959482416702e-5
1000	0.05	5e-4	8	2.880632782782788e-4	2.0046406406406407	1.0510177	3.102355127651076e-4	3.5742737553901746e-5
1000	0.05	5e-4	9	2.89087482482483e-4	2.0001081081081082	1.0512933	3.0954711156862665e-4	3.564559402054646e-5
1000	0.05	5e-4	10	2.9038302302302355e-4	2.0004964964964964	1.0515488	3.087695541589591e-4	3.5538277132105585e-5
1000	0.05	5e-4	11	2.8705224724724773e-4	1.994858858858859	1.0518575000000001	3.0790378738842074e-4	3.54209111418447e-5
1000	0.05	5e-4	12	2.8743526026026077e-4	1.99405005005005	1.0521045	3.069508561579371e-4	3.5293631343593144e-5
1000	0.05	5e-4	13	2.8793995495495547e-4	2.008084084084084	1.0523535	3.059119007923887e-4	3.515658374220916e-5
1000	0.05	5e-4	14	2.857916316316321e-4	2.001937937937938	1.0526354	3.0478815420336417e-4	3.5009924700572356e-5
1000	0.05	5e-4	15	2.858376226226231e-4	1.9975415415415416	1.0528905	3.035809388511915e-4	3.48538205645499e-5
1000	0.05	5e-4	16	2.8849922922922973e-4	1.9974534534534534	1.053197	3.022916635188527e-4	3.468844726746202e-5
1000	0.05	5e-4	17	2.864892342342347e-4	2.0035035035035036	1.0534797	3.0092181991088767e-4	3.4513989915623465e-5
1000	0.05	5e-4	18	2.8690947947948e-4	2.008752752752753	1.0537394	2.994729790910864e-4	3.433064235661137e-5
1000	0.05	5e-4	19	2.87600515515516e-4	1.9982462462462462	1.0540297	2.9794678777313866e-4	3.413860673194518e-5
1000	0.05	5e-4	20	2.8596494994995045e-4	1.995987987987988	1.0542979000000001	2.9634496447870494e-4	3.393809301589232e-5
1000	0.05	5e-4	21	2.8489493493493546e-4	1.996984984984985	1.054537	2.9466929557784584e-4	3.372931854215982e-5
1000	0.05	5e-4	22	2.8452054054054106e-4	2.006018018018018	1.0547904000000001	2.9292163122669615e-4	3.3512507520220166e-5
1000	0.05	5e-4	23	2.8487850850850903e-4	2.000844844844845	1.0551044	2.911038812177191e-4	3.328789054306343e-5
1000	0.05	5e-4	24	2.8555413413413466e-4	1.9977377377377377	1.055353	2.8921801075753884e-4	3.305570408812258e-5
1000	0.05	5e-4	25	2.865085785785791e-4	1.997041041041041	1.055635	2.872660361876019e-4	3.281619001314043e-5
1000	0.05	5e-4	26	2.852298548548554e-4	1.9973133133133134	1.0559439000000002	2.852500206626479e-4	3.2569595048709165e-5
1000	0.05	5e-4	27	2.847425975975981e-4	1.9996596596596596	1.0562677	2.831720698018192e-4	3.2316170289188905e-5
1000	0.05	5e-4	28	2.855628828828834e-4	1.9973493493493493	1.0565526	2.810343273269667e-4	3.205617068367415e-5
1000	0.05	5e-4	29	2.842907607607613e-4	2.0057257257257257	1.0568364000000001	2.788389707023761e-4	3.178985452863243e-5
1000	0.05	5e-4	30	2.849796096096101e-4	2.001973973973974	1.0571342000000001	2.7658820678973977e-4	3.1517482963786995e-5
1000	0.05	5e-4	31	2.833163713713719e-4	1.997001001001001	1.0574165	2.742842675317828e-4	3.1239319472762484e-5
1000	0.05	5e-4	32	2.856695645645651e-4	2.0026706706706707	1.0576493	2.7192940567731066e-4	3.095562938993243e-5
1000	0.05	5e-4	33	2.8261781781781833e-4	1.9951431431431432	1.057931	2.6952589056015633e-4	3.066667941486958e-5
1000	0.05	5e-4	34	2.827410960960966e-4	2.000328328328328	1.0581875	2.6707600394360156e-4	3.03727371356912e-5
1000	0.05	5e-4	35	2.816683983983989e-4	1.996052052052052	1.0584284000000002	2.645820359413848e-4	3.0074070562533864e-5
1000	0.05	5e-4	36	2.8085995495495545e-4	2.003111111111111	1.0586807	2.620462810257415e-4	2.9770947672311546e-5
1000	0.05	5e-4	37	2.8098096596596646e-4	2.0001001001001	1.0589631000000002	2.594710341321943e-4	2.9463635965823405e-5
1000	0.05	5e-4	38	2.81090505505506e-4	2.007307307307307	1.0592491	2.568585868700255e-4	2.9152402038184196e-5
1000	0.05	5e-4	39	2.81223523523524e-4	2.0008208208208207	1.0595544000000001	2.542112238467622e-4	2.8837511163478023e-5
1000	0.05	5e-4	40	2.7970725225225275e-4	2.0024424424424425	1.0598621000000001	2.5153121911415877e-4	2.8519226894436534e-5
1000	0.05	5e-4	41	2.791338788788794e-4	1.9958798798798798	1.0600957	2.488208327424769e-4	2.8197810677861786e-5
1000	0.05	5e-4	42	2.785017517517522e-4	1.998114114114114	1.0603532	2.460823075290117e-4	2.787352148641458e-5
1000	0.05	5e-4	43	2.770893443443448e-4	2.0012652652652654	1.0606317	2.4331786584618924e-4	2.7546615467315852e-5
1000	0.05	5e-4	44	2.7483927927927974e-4	2.0014574574574575	1.0608662	2.4052970663377912e-4	2.7217345608418132e-5
1000	0.05	5e-4	45	2.739368318318323e-4	2.005761761761762	1.0611291	2.3772000253885746e-4	2.688596142199913e-5
1000	0.05	5e-4	46	2.7356136636636684e-4	1.9976216216216216	1.0613963	2.3489089720682573e-4	2.655270864659093e-5
1000	0.05	5e-4	47	2.701780830830836e-4	1.9945705705705705	1.0616829	2.320445027256185e-4	2.6217828967024395e-5
1000	0.05	5e-4	48	2.7145225725725775e-4	2.0006886886886885	1.0619645	2.2918289722494734e-4	2.5881559752835065e-5
1000	0.05	5e-4	49	2.707072322322327e-4	1.9973373373373373	1.0622415	2.263081226315843e-4	2.5544133815081186e-5
1000	0.05	5e-4	50	2.709269119119124e-4	2.006146146146146	1.0624983000000001	2.234221825810647e-4	2.5205779181553592e-5
1000	0.05	5e-4	51	2.6911581581581627e-4	1.9984384384384384	1.0627964	2.2052704048562439e-4	2.486671889029346e-5
1000	0.05	5e-4	52	2.677141241241246e-4	1.999951951951952	1.0629824	2.1762461775765103e-4	2.4527170801274024e-5
1000	0.05	5e-4	53	2.666049349349354e-4	2.006018018018018	1.0632652	2.147167921873291e-4	2.4187347426034865e-5
1000	0.05	5e-4	54	2.6578455455455503e-4	2.003059059059059	1.0635430000000001	2.1180539647273287e-4	2.3847455775010503e-5
1000	0.05	5e-4	55	2.65786491491492e-4	1.9954194194194195	1.0637789	2.0889221689997093e-4	2.350769722222263e-5
1000	0.05	5e-4	56	2.640132182182187e-4	1.9991911911911913	1.0640009000000001	2.0597899217084968e-4	2.3168267386991037e-5
1000	0.05	5e-4	57	2.6362885385385434e-4	2.0043363363363365	1.0642401000000001	2.0306741237487782e-4	2.2829356032247268e-5
1000	0.05	5e-4	58	2.6057316316316364e-4	2.0016056056056057	1.0644692	2.0015911810215343e-4	2.249114697900484e-5
1000	0.05	5e-4	59	2.5973657657657706e-4	2.000920920920921	1.0647174000000001	1.972556996933161e-4	2.2153818036501337e-5
1000	0.05	5e-4	60	2.5783089089089135e-4	1.997921921921922	1.0650024	1.9435869662258497e-4	2.181754094751132e-5
1000	0.05	5e-4	61	2.590751651651656e-4	2.003251251251251	1.0652354000000002	1.9146959700944234e-4	2.1482481348279115e-5
1000	0.05	5e-4	62	2.564989339339344e-4	1.9995235235235236	1.0654913000000001	1.8858983725439954e-4	2.114879874250893e-5
1000	0.05	5e-4	63	2.5504161161161206e-4	1.9926086086086086	1.0657516	1.857208017941788e-4	2.081664648884029e-5
1000	0.05	5e-4	64	2.5493527527527574e-4	2.000992992992993	1.0659880000000002	1.828638229712748e-4	2.0486171801197553e-5
1000	0.05	5e-4	65	2.5236523023023066e-4	1.998978978978979	1.0662307	1.8002018101291158e-4	2.015751576141039e-5
1000	0.05	5e-4	66	2.508253553553558e-4	2.0064184184184186	1.0664762	1.7719110411421458e-4	1.9830813343482647e-5
1000	0.05	5e-4	67	2.490712562562567e-4	1.998810810810811	1.0667299000000001	1.7437776862039146e-4	1.950619344888621e-5
1000	0.05	5e-4	68	2.482172472472477e-4	2.001277277277277	1.0669694	1.715812993025759e-4	1.9183778952243693e-5
1000	0.05	5e-4	69	2.485474274274279e-4	2.001965965965966	1.0671608000000001	1.6880276972216317e-4	1.886368675678541e-5
1000	0.05	5e-4	70	2.4711967467467514e-4	2.0017337337337335	1.0673667	1.6604320267816258e-4	1.854602785893474e-5
1000	0.05	5e-4	71	2.4571433433433475e-4	2.0044564564564564	1.0676152	1.6330357073245997e-4	1.8230907421419577e-5
1000	0.05	5e-4	72	2.4547497997998044e-4	1.9987107107107107	1.0678555	1.6058479680762424e-4	1.791842485428089e-5
1000	0.05	5e-4	73	2.440279629629634e-4	2.0037997997997996	1.0680691	1.5788775485214634e-4	1.7608673903180416e-5
1000	0.05	5e-4	74	2.4202421421421464e-4	1.9964404404404403	1.0683102	1.552132705679928e-4	1.7301742744410944e-5
1000	0.05	5e-4	75	2.3973187687687731e-4	1.9935935935935936	1.0685401	1.5256212219546557e-4	1.6997714086027373e-5
1000	0.05	5e-4	76	2.3761311811811855e-4	2.0015815815815814	1.0687379000000001	1.49935041350484e-4	1.669666527453269e-5
1000	0.05	5e-4	77	2.3710105105105147e-4	1.9986266266266266	1.0689776	1.4733271390947195e-4	1.639866840656282e-5
1000	0.05	5e-4	78	2.3442956956956998e-4	2.0064344344344343	1.0692078	1.4475578093725268e-4	1.6103790445040857e-5
1000	0.05	5e-4	79	2.3408295295295338e-4	2.0005325325325325	1.0693994	1.4220483965338802e-4	1.5812093339276995e-5
1000	0.05	5e-4	80	2.3148242242242284e-4	2.0052492492492493	1.0696524	1.3968044443265224e-4	1.552363414852088e-5
1000	0.05	5e-4	81	2.2903223723723764e-4	1.9998878878878878	1.0698783	1.371831078353954e-4	1.5238465168482093e-5
1000	0.05	5e-4	82	2.286851001001005e-4	2.0047287287287285	1.0701067	1.3471330166374914e-4	1.4956634060358407e-5
1000	0.05	5e-4	83	2.2860415415415457e-4	2.0115355355355353	1.0703428000000001	1.3227145803983598e-4	1.4678183981936432e-5
1000	0.05	5e-4	84	2.262521971971976e-4	2.0087207207207207	1.0705857	1.2985797050221585e-4	1.4403153720338959e-5
1000	0.05	5e-4	85	2.2558918418418458e-4	2.0015375375375375	1.0708257	1.2747319511709833e-4	1.413157782602777e-5
1000	0.05	5e-4	86	2.2297806806806847e-4	2.005033033033033	1.071085	1.2511745160085594e-4	1.3863486747672886e-5
1000	0.05	5e-4	87	2.21158608608609e-4	2.0036436436436436	1.0713036	1.2279102445075972e-4	1.359890696754362e-5
1000	0.05	5e-4	88	2.1948066566566607e-4	1.998026026026026	1.0715053	1.204941640808218e-4	1.3337861137074058e-5
1000	0.05	5e-4	89	2.183169119119123e-4	1.9992072072072071	1.0717117	1.1822708795996161e-4	1.3080368212293702e-5
1000	0.05	5e-4	90	2.1779386886886925e-4	1.99193993993994	1.0719115000000001	1.15989981749759e-4	1.282644358882046e-5
1000	0.05	5e-4	91	2.158044094094098e-4	2.003055055055055	1.0721183	1.1378300043936223e-4	1.257609923614798e-5
1000	0.05	5e-4	92	2.1507608608608647e-4	2.0036436436436436	1.072319	1.116062694751309e-4	1.2329343830961774e-5
1000	0.05	5e-4	93	2.1221908408408446e-4	2.0079319319319318	1.0725219000000001	1.094598858828913e-4	1.208618288925251e-5
1000	0.05	5e-4	94	2.1066913413413452e-4	1.9981501501501502	1.0727325	1.0734391938073812e-4	1.1846618897001937e-5
1000	0.05	5e-4	95	2.0757969969970006e-4	1.9985265265265264	1.0729512	1.0525841348054647e-4	1.1610651439243282e-5
1000	0.05	5e-4	96	2.0529306806806844e-4	1.9998198198198198	1.0731431	1.0320338657647581e-4	1.1378277327311635e-5
1000	0.05	5e-4	97	2.0267019519519555e-4	1.999027027027027	1.0733147	1.0117883301886565e-4	1.1149490724113703e-5
1000	0.05	5e-4	98	2.0027840840840876e-4	1.9984544544544545	1.0735154	9.918472417212281e-5	1.092428326726896e-5
1000	0.05	5e-4	99	1.972437587587591e-4	1.999151151151151	1.0737173	9.722100945527429e-5	1.070264418998304e-5
1000	0.05	5e-4	100	1.950471521521525e-4	2.004348348348348	1.0739029	9.528761736407226e-5	1.0484560439538173e-5
1000	0.05	0.02	5	2.7983102102102154e-4	1.9986106106106105	1.0521102	3.117578300542352e-4	1.8800726819137746e-6
1000	0.05	0.02	6	2.7998007007007055e-4	2.0014534534534536	1.0523738	3.1134156352403725e-4	1.840011116511665e-6
1000	0.05	0.02	7	2.786955955955961e-4	1.9984864864864864	1.0526596000000001	3.108339113456486e-4	1.8002707022964674e-6
1000	0.05	0.02	8	2.7741192692692744e-4	1.996048048048048	1.0529077	3.102355127651076e-4	1.7608688317969408e-6
1000	0.05	0.02	9	2.760713063063068e-4	1.9932052052052052	1.0531995	3.0954711156862665e-4	1.721822298028558e-6
1000	0.05	0.02	10	2.7565134634634686e-4	1.9993033033033032	1.0534557	3.087695541589591e-4	1.6831472747296458e-6
1000	0.05	0.02	11	2.746037587587593e-4	2.0020580580580583	1.0537161000000002	3.0790378738842074e-4	1.644859298361574e-6
1000	0.05	0.02	12	2.7335238238238285e-4	1.9993353353353354	1.053968	3.069508561579371e-4	1.606973251905533e-6
1000	0.05	0.02	13	2.746813163163168e-4	1.996012012012012	1.0543127	3.059119007923887e-4	1.569503350480332e-6
1000	0.05	0.02	14	2.7327516516516563e-4	1.9997757757757757	1.054554	3.0478815420336417e-4	1.5324631287975779e-6
1000	0.05	0.02	15	2.7365724724724775e-4	2.0038718718718718	1.0548032	3.035809388511915e-4	1.4958654304625421e-6
1000	0.05	0.02	16	2.719487987987993e-4	2.0011291291291293	1.0550696	3.022916635188527e-4	1.4597223991213373e-6
1000	0.05	0.02	17	2.7164899399399447e-4	2.0015695695695697	1.0553259000000001	3.0092181991088767e-4	1.4240454714467082e-6
1000	0.05	0.02	18	2.70125525525526e-4	2.007811811811812	1.0556130000000001	2.994729790910864e-4	1.3888453719480138e-6
1000	0.05	0.02	19	2.708915965965971e-4	1.9983623623623623	1.0558637	2.9794678777313866e-4	1.3541321095832408e-6
1000	0.05	0.02	20	2.706753553553558e-4	2.0026226226226225	1.0561358	2.9634496447870494e-4	1.319914976143588e-6
1000	0.05	0.02	21	2.698731881881887e-4	1.9988468468468468	1.0563765	2.9466929557784584e-4	1.2862025463753489e-6
1000	0.05	0.02	22	2.6863656656656704e-4	2.0005525525525525	1.056664	2.9292163122669615e-4	1.2530026797963838e-6
1000	0.05	0.02	23	2.698138538538543e-4	2.0058098098098096	1.056912	2.911038812177191e-4	1.2203225241600172e-6
1000	0.05	0.02	24	2.6921950950951e-4	2.002206206206206	1.0572068000000001	2.8921801075753884e-4	1.1881685205120584e-6
1000	0.05	0.02	25	2.679561961961967e-4	1.9998318318318318	1.0574112	2.872660361876019e-4	1.1565464097828824e-6
1000	0.05	0.02	26	2.68970495495496e-4	2.0098818818818818	1.0576653	2.852500206626479e-4	1.1254612408512582e-6
1000	0.05	0.02	27	2.69757562562563e-4	1.9972772772772773	1.0579213	2.831720698018192e-4	1.094917380012658e-6
1000	0.05	0.02	28	2.694574524524529e-4	2.002874874874875	1.0581961	2.810343273269667e-4	1.0649185217811182e-6
1000	0.05	0.02	29	2.691786536536541e-4	1.9996476476476477	1.0584599000000001	2.788389707023761e-4	1.0354677009505412e-6
1000	0.05	0.02	30	2.6688997997998044e-4	1.9985785785785786	1.0587178000000002	2.7658820678973977e-4	1.0065673058386485e-6
1000	0.05	0.02	31	2.677446146146151e-4	2.005089089089089	1.0589616	2.742842675317828e-4	9.782190926347284e-7
1000	0.05	0.02	32	2.6566323823823873e-4	1.9971731731731732	1.0592149	2.7192940567731066e-4	9.504242007701205e-7
1000	0.05	0.02	33	2.664450900900906e-4	1.9989029029029028	1.0594679	2.6952589056015633e-4	9.231831692301166e-7
1000	0.05	0.02	34	2.649448048048053e-4	2.0038998998999	1.0597634	2.6707600394360156e-4	8.964959537240447e-7
1000	0.05	0.02	35	2.637421371371376e-4	2.0072592592592593	1.0600513	2.645820359413848e-4	8.703619446306298e-7
1000	0.05	0.02	36	2.6265680180180225e-4	2.0025945945945947	1.0602663	2.620462810257415e-4	8.447799856357974e-7
1000	0.05	0.02	37	2.6326249749749795e-4	2.001697697697698	1.0605203	2.594710341321943e-4	8.197483929804638e-7
1000	0.05	0.02	38	2.6286087587587634e-4	2.005069069069069	1.0607837	2.568585868700255e-4	7.952649752365346e-7
1000	0.05	0.02	39	2.633052302302307e-4	2.0014014014014014	1.0610569	2.542112238467622e-4	7.713270535310174e-7
1000	0.05	0.02	40	2.6308559059059106e-4	1.999083083083083	1.0612837000000002	2.5153121911415877e-4	7.479314821394053e-7
1000	0.05	0.02	41	2.643740290290295e-4	2.0015735735735736	1.0615273	2.488208327424769e-4	7.250746693716112e-7
1000	0.05	0.02	42	2.6411537037037086e-4	1.9998718718718718	1.0617743	2.460823075290117e-4	7.027525986756113e-7
1000	0.05	0.02	43	2.621643243243248e-4	2.002934934934935	1.0620004	2.4331786584618924e-4	6.809608498868012e-7
1000	0.05	0.02	44	2.617721321321326e-4	2.0047647647647646	1.0622812000000001	2.4052970663377912e-4	6.596946205536018e-7
1000	0.05	0.02	45	2.6215126626626676e-4	1.995903903903904	1.0625181000000001	2.3772000253885746e-4	6.389487472722517e-7
1000	0.05	0.02	46	2.61500520520521e-4	1.9978978978978978	1.062761	2.3489089720682573e-4	6.187177269678667e-7
1000	0.05	0.02	47	2.6148872372372417e-4	1.9977217217217218	1.0629961	2.320445027256185e-4	5.989957380607227e-7
1000	0.05	0.02	48	2.599771571571576e-4	2.0067907907907907	1.0632382	2.2918289722494734e-4	5.797766614611382e-7
1000	0.05	0.02	49	2.6240559059059103e-4	2.0008968968968968	1.0634601000000001	2.263081226315843e-4	5.610541013392138e-7
1000	0.05	0.02	50	2.6214326326326373e-4	1.999863863863864	1.0637078	2.234221825810647e-4	5.428214056192037e-7
1000	0.05	0.02	51	2.6252728728728774e-4	2.0023863863863864	1.0639266	2.2052704048562439e-4	5.25071686151915e-7
1000	0.05	0.02	52	2.6247476476476525e-4	2.0042602602602604	1.0641928	2.1762461775765103e-4	5.077978385221753e-7
1000	0.05	0.02	53	2.6178267767767814e-4	2.002838838838839	1.0644201	2.147167921873291e-4	4.909925614518001e-7
1000	0.05	0.02	54	2.6195498498498545e-4	2.002014014014014	1.0646812	2.1180539647273287e-4	4.7464837576222966e-7
1000	0.05	0.02	55	2.623250350350355e-4	1.9996476476476477	1.0649496	2.0889221689997093e-4	4.5875764286408413e-7
1000	0.05	0.02	56	2.6231692692692737e-4	1.999951951951952	1.0652372	2.0597899217084968e-4	4.4331258274503553e-7
1000	0.05	0.02	57	2.61361521521522e-4	1.9954194194194195	1.0654926	2.0306741237487782e-4	4.283052914301925e-7
1000	0.05	0.02	58	2.6087056056056104e-4	1.994934934934935	1.065776	2.0015911810215343e-4	4.1372775789269777e-7
1000	0.05	0.02	59	2.6111579079079127e-4	2.0034154154154153	1.0659955	1.972556996933161e-4	3.9957188039537594e-7
1000	0.05	0.02	60	2.6012885885885934e-4	1.9977817817817818	1.0662274	1.9435869662258497e-4	3.858294822476346e-7
1000	0.05	0.02	61	2.6032078578578624e-4	2.0052852852852854	1.0664645000000001	1.9146959700944234e-4	3.7249232696437686e-7
1000	0.05	0.02	62	2.6001527027027073e-4	2.0035715715715714	1.0667025	1.8858983725439954e-4	3.595521328167569e-7
1000	0.05	0.02	63	2.5833996996997045e-4	1.9966246246246246	1.0669778	1.857208017941788e-4	3.4700058676750257e-7
1000	0.05	0.02	64	2.5765970970971014e-4	2.003807807807808	1.0672362	1.828638229712748e-4	3.348293577856961e-7
1000	0.05	0.02	65	2.561528228228233e-4	1.995055055055055	1.0675126000000001	1.8002018101291158e-4	3.2303010953870684e-7
1000	0.05	0.02	66	2.5386454954955e-4	2.0052052052052054	1.0677551	1.7719110411421458e-4	3.1159451246107784e-7
1000	0.05	0.02	67	2.5471009009009056e-4	1.9955035035035036	1.0679938	1.7437776862039146e-4	3.0051425520240547e-7
1000	0.05	0.02	68	2.5265793293293337e-4	2.00196996996997	1.0682193	1.715812993025759e-4	2.8978105545808697e-7
1000	0.05	0.02	69	2.5220249249249295e-4	1.9972292292292293	1.0684466000000001	1.6880276972216317e-4	2.793866701890072e-7
1000	0.05	0.02	70	2.5309193693693737e-4	2.001985985985986	1.0686791	1.6604320267816258e-4	2.6932290523741236e-7
1000	0.05	0.02	71	2.4930692192192235e-4	1.9967367367367368	1.0689231000000001	1.6330357073245997e-4	2.595816243483708e-7
1000	0.05	0.02	72	2.5028562562562606e-4	2.003811811811812	1.0691648	1.6058479680762424e-4	2.501547576071258e-7
1000	0.05	0.02	73	2.467411511511516e-4	2.0104584584584586	1.069395	1.5788775485214634e-4	2.4103430930424677e-7
1000	0.05	0.02	74	2.4640374874874916e-4	1.9956836836836838	1.0696095	1.552132705679928e-4	2.3221236524148805e-7
1000	0.05	0.02	75	2.451557007007011e-4	2.004176176176176	1.0698623	1.5256212219546557e-4	2.2368109949230068e-7
1000	0.05	0.02	76	2.44217567567568e-4	1.9982182182182182	1.0701064	1.49935041350484e-4	2.1543278063185396e-7
1000	0.05	0.02	77	2.4066974474474517e-4	1.9962162162162163	1.0703427	1.4733271390947195e-4	2.0745977745210698e-7
1000	0.05	0.02	78	2.400152852852857e-4	1.9994714714714714	1.0705394000000001	1.4475578093725268e-4	1.997545641782504e-7
1000	0.05	0.02	79	2.3772764764764807e-4	2.004072072072072	1.0707888	1.4220483965338802e-4	1.9230972520321944e-7
1000	0.05	0.02	80	2.3768530530530573e-4	1.9951911911911913	1.0710220000000001	1.3968044443265224e-4	1.8511795935756388e-7
1000	0.05	0.02	81	2.3626451951951993e-4	1.9992032032032032	1.0712351	1.371831078353954e-4	1.781720837321661e-7
1000	0.05	0.02	82	2.357790840840845e-4	1.9982862862862862	1.0714377000000002	1.3471330166374914e-4	1.7146503707159483e-7
1000	0.05	0.02	83	2.3412239239239282e-4	1.9976256256256255	1.0716382	1.3227145803983598e-4	1.6498988275609247e-7
1000	0.05	0.02	84	2.3214034034034075e-4	1.9996036036036036	1.0718564000000002	1.2985797050221585e-4	1.5873981139014177e-7
1000	0.05	0.02	85	2.305027827827832e-4	1.9994074074074073	1.0720842000000002	1.2747319511709833e-4	1.5270814301571742e-7
1000	0.05	0.02	86	2.266490090090094e-4	1.999003003003003	1.0722676	1.2511745160085594e-4	1.468883289680526e-7
1000	0.05	0.02	87	2.2440426926926966e-4	1.9942262262262263	1.0724835000000001	1.2279102445075972e-4	1.412739533918825e-7
1000	0.05	0.02	88	2.244095095095099e-4	1.999063063063063	1.0726814	1.204941640808218e-4	1.358587344356804e-7
1000	0.05	0.02	89	2.2106728728728768e-4	1.9975415415415416	1.0729222	1.1822708795996161e-4	1.3063652514135747e-7
1000	0.05	0.02	90	2.184793943943948e-4	2.004192192192192	1.0731297	1.15989981749759e-4	1.256013140464637e-7
1000	0.05	0.02	91	2.1572340840840878e-4	2.001085085085085	1.0733397	1.1378300043936223e-4	1.2074722551575612e-7
1000	0.05	0.02	92	2.1307403903903942e-4	2.0053093093093093	1.0735629	1.116062694751309e-4	1.1606851981846178e-7
1000	0.05	0.02	93	2.106229279279283e-4	2.0074874874874875	1.0737497	1.094598858828913e-4	1.1155959296731823e-7
1000	0.05	0.02	94	2.0974710710710748e-4	2.0023503503503504	1.0739356	1.0734391938073812e-4	1.0721497633493733e-7
1000	0.05	0.02	95	2.0857033533533572e-4	2.0055215215215214	1.0741115	1.0525841348054647e-4	1.0302933606267202e-7
1000	0.05	0.02	96	2.0563516516516553e-4	1.9983383383383384	1.074276	1.0320338657647581e-4	9.899747227666091e-8
1000	0.05	0.02	97	2.0471546046046084e-4	1.9988628628628629	1.0744871	1.0117883301886565e-4	9.511431812521684e-8
1000	0.05	0.02	98	2.019180630630634e-4	2.002074074074074	1.0746991000000001	9.918472417212281e-5	9.13749386512883e-8
1000	0.05	0.02	99	1.998765615615619e-4	2.003003003003003	1.0749093	9.722100945527429e-5	8.777452951315534e-8
1000	0.05	0.02	100	1.9693879879879915e-4	2.0007607607607607	1.0751282	9.528761736407226e-5	8.430841556608756e-8
1000	0.1	1e-4	5	0.0011610653653653649	2.004064064064064	1.1019078	0.001238745110882805	2.3543401230228752e-4
1000	0.1	1e-4	6	0.0011665415215215212	2.001853853853854	1.1029198	0.0012324833258134454	2.3422048256215255e-4
1000	0.1	1e-4	7	0.0011675248648648645	2.0095455455455453	1.1039965999999999	0.0012248935114129611	2.327548404163009e-4
1000	0.1	1e-4	8	0.0011730152952952949	2.003915915915916	1.1049932	0.0012160111680075624	2.3104390664870805e-4
1000	0.1	1e-4	9	0.0011787601801801799	2.00217017017017	1.1061282	0.0012058769473880448	2.2909547801812106e-4
1000	0.1	1e-4	10	0.0011812715115115111	2.002666666666667	1.1072104	0.0011945362721800382	2.2691825446364327e-4
1000	0.1	1e-4	11	0.0011883992592592587	2.003791791791792	1.1082518	0.0011820389209020715	2.2452175983643985e-4
1000	0.1	1e-4	12	0.0011909886286286281	1.9985505505505505	1.1093184	0.0011684385849501564	2.2191625734699913e-4
1000	0.1	1e-4	13	0.0011942837837837833	2.00385985985986	1.1103982	0.0011537924039510957	2.1911266095508262e-4
1000	0.1	1e-4	14	0.001206666406406406	2.0106146146146147	1.1115378	0.0011381604859912295	2.161224439407643e-4
1000	0.1	1e-4	15	0.001212668328328328	2.0025385385385386	1.1126478	0.0011216054191645892	2.1295754588205888e-4
1000	0.1	1e-4	16	0.0012208520920920917	2.0049369369369368	1.1137708	0.0011041917806997128	2.0963027922858886e-4
1000	0.1	1e-4	17	0.0012285817017017012	2.009793793793794	1.114868	0.001085985649630023	2.0615323660391413e-4
1000	0.1	1e-4	18	0.0012364802802802798	2.004992992992993	1.1160764	0.0010670541285842162	2.0253919989450715e-4
1000	0.1	1e-4	19	0.0012382369969969964	2.004272272272272	1.1171416	0.0010474648798032343	1.988010520933321e-4
1000	0.1	1e-4	20	0.0012442185185185181	2.007691691691692	1.118273	0.0010272856799588318	1.9495169276433595e-4
1000	0.1	1e-4	21	0.001245759419419419	2.003383383383383	1.1193473999999999	0.0010065839977692692	1.9100395788350464e-4
1000	0.1	1e-4	22	0.0012555050050050045	1.9985785785785786	1.1205174	9.854265977993694e-4	1.8697054469611938e-4
1000	0.1	1e-4	23	0.001260589649649649	2.0078558558558557	1.1217338	9.638791732100291e-4	1.8286394211130153e-4
1000	0.1	1e-4	24	0.0012619700100100096	2.002082082082082	1.1229388	9.420060096003392e-4	1.7869636703653764e-4
1000	0.1	1e-4	25	0.0012647513913913908	2.003027027027027	1.1240872	9.19869681478999e-4	1.7447970693951743e-4
1000	0.1	1e-4	26	0.0012669093493493488	2.0036796796796796	1.1251756	8.975307823205003e-4	1.702254688141548e-4
1000	0.1	1e-4	27	0.0012692194394394389	2.004216216216216	1.1263142	8.75047688616493e-4	1.659447346241511e-4
1000	0.1	1e-4	28	0.0012729187987987982	2.0037957957957957	1.1274332	8.524763578312248e-4	1.6164812320230157e-4
1000	0.1	1e-4	29	0.001273378518518518	2.007791791791792	1.1286206	8.298701597178958e-4	1.5734575849805113e-4
1000	0.1	1e-4	30	0.0012625020020020014	2.008940940940941	1.1297466	8.072797400543015e-4	1.5304724399034544e-4
1000	0.1	1e-4	31	0.0012692570170170165	2.00186986986987	1.1308816	7.847529155130648e-4	1.4876164301793541e-4
1000	0.1	1e-4	32	0.0012688415615615609	2.0041641641641643	1.1321228	7.623345980956524e-4	1.4449746472525805e-4
1000	0.1	1e-4	33	0.001265554634634634	2.0044404404404403	1.1333324	7.400667473278456e-4	1.4026265527837653e-4
1000	0.1	1e-4	34	0.0012699586986986981	1.998954954954955	1.1345082	7.179883482373384e-4	1.360645939721952e-4
1000	0.1	1e-4	35	0.001260711691691691	2.005045045045045	1.1357418	6.961354130070458e-4	1.3191009382638438e-4
1000	0.1	1e-4	36	0.0012569452252252245	1.998078078078078	1.1368988	6.745410041178272e-4	1.278054062526357e-4
1000	0.1	1e-4	37	0.0012607833633633627	2.0003843843843843	1.1381662	6.532352767568422e-4	1.2375622936909976e-4
1000	0.1	1e-4	38	0.0012539513713713706	2.0081641641641643	1.1393042	6.322455382684898e-4	1.1976771953833482e-4
1000	0.1	1e-4	39	0.0012533420420420412	2.003995995995996	1.1403846	6.115963224581545e-4	1.1584450571173549e-4
1000	0.1	1e-4	40	0.0012430134934934927	2.006798798798799	1.1415016	5.91309476621282e-4	1.1199070617554202e-4
1000	0.1	1e-4	41	0.0012393941141141133	2.003087087087087	1.1426684	5.714042592552379e-4	1.0820994730993814e-4
1000	0.1	1e-4	42	0.0012234673073073066	2.0113913913913914	1.1437216	5.518974465156811e-4	1.0450538399280065e-4
1000	0.1	1e-4	43	0.001221467687687687	2.0002442442442443	1.1448162	5.328034455978377e-4	1.0087972130242483e-4
1000	0.1	1e-4	44	0.0012053771171171162	2.009037037037037	1.145903	5.141344133520526e-4	9.733523719824483e-5
1000	0.1	1e-4	45	0.0011964496096096087	2.0051131131131132	1.1470252	4.959003785793987e-4	9.38738058846473e-5
1000	0.1	1e-4	46	0.00119028098098098	2.005021021021021	1.1481454	4.781093665925719e-4	9.049692158960576e-5
1000	0.1	1e-4	47	0.0011715221421421413	2.007015015015015	1.149279	4.607675247682929e-4	8.720572251676255e-5
1000	0.1	1e-4	48	0.0011568885885885876	1.9942862862862862	1.150323	4.438792479566932e-4	8.400101475613204e-5
1000	0.1	1e-4	49	0.0011427141741741733	2.006778778778779	1.1513461999999999	4.2744730274877724e-4	8.088329596443108e-5
1000	0.1	1e-4	50	0.0011260152352352342	1.998906906906907	1.1522838	4.114729497341207e-4	7.78527786509938e-5
1000	0.1	1e-4	51	0.001100746006006005	2.001821821821822	1.1532254	3.9595606300508063e-4	7.490941292883892e-5
1000	0.1	1e-4	52	0.0010971261861861853	1.9991271271271271	1.1542109999999999	3.8089524628104397e-4	7.205290861275137e-5
1000	0.1	1e-4	53	0.0010753359759759751	2.0015615615615614	1.1551411999999999	3.662879451352341e-4	6.928275656694946e-5
1000	0.1	1e-4	54	0.0010531069869869861	1.9992672672672673	1.156124	3.521305549073768e-4	6.659824922404891e-5
1000	0.1	1e-4	55	0.0010349317317317308	1.9968728728728729	1.15705	3.384185239773505e-4	6.399850021446141e-5
1000	0.1	1e-4	56	0.0010127673073073063	2.0063703703703704	1.157997	3.2514645215854206e-4	6.148246306122284e-5
1000	0.1	1e-4	57	0.0010005627027027018	2.001913913913914	1.158877	3.1230818404421435e-4	5.904894890938354e-5
1000	0.1	1e-4	58	9.772171771771762e-4	2.00205005005005	1.1596572	2.9989689720676436e-4	5.6696643271704804e-5
1000	0.1	1e-4	59	9.528978578578569e-4	2.002854854854855	1.1605944	2.879051852081949e-4	5.442412178346739e-5
1000	0.1	1e-4	60	9.319110910910901e-4	2.009641641641642	1.161455	2.763251354311004e-4	5.2229864968840636e-5
1000	0.1	1e-4	61	9.157043243243234e-4	2.003343343343343	1.1622642	2.6514840178314505e-4	5.0112272029513225e-5
1000	0.1	1e-4	62	8.905294894894886e-4	2.0074474474474475	1.1630272	2.543662723653764e-4	4.806967367333993e-5
1000	0.1	1e-4	63	8.683377577577568e-4	2.0063543543543543	1.1637954	2.4396973222569232e-4	4.61003440065975e-5
1000	0.1	1e-4	64	8.396456256256247e-4	2.005145145145145	1.1645698	2.3394952134441337e-4	4.420251151826776e-5
1000	0.1	1e-4	65	8.215140940940932e-4	1.9983343343343343	1.1653229999999999	2.2429618801936846e-4	4.237436918860775e-5
1000	0.1	1e-4	66	7.985841641641632e-4	2.002006006006006	1.1660333999999999	2.150001378338875e-4	4.0614083757261415e-5
1000	0.1	1e-4	67	7.745455655655646e-4	2.007803803803804	1.166733	2.060516784031335e-4	3.891980418841278e-5
1000	0.1	1e-4	68	7.503181981981973e-4	2.002766766766767	1.1673799999999999	1.9744106010240506e-4	3.728966937199965e-5
1000	0.1	1e-4	69	7.375713913913905e-4	2.0024864864864864	1.1680598	1.891585129865469e-4	3.572181510101559e-5
1000	0.1	1e-4	70	7.129116516516508e-4	2.00184984984985	1.168745	1.8119428011188356e-4	3.421438036532602e-5
1000	0.1	1e-4	71	6.858214814814806e-4	2.0011091091091093	1.169429	1.7353864747260588e-4	3.2765513002489754e-5
1000	0.1	1e-4	72	6.635685485485477e-4	1.998002002002002	1.1700298	1.6618197076154325e-4	3.137337474566746e-5
1000	0.1	1e-4	73	6.40911811811811e-4	2.0018058058058057	1.1706246	1.591146991620144e-4	3.00361457080558e-5
1000	0.1	1e-4	74	6.193111911911904e-4	1.9977777777777779	1.1711504	1.5232739637258935e-4	2.875202834233652e-5
1000	0.1	1e-4	75	5.960625625625617e-4	2.0066226226226225	1.1717326	1.4581075906075014e-4	2.7519250912496372e-5
1000	0.1	1e-4	76	5.775909709709702e-4	2.0042002002002004	1.1722238	1.395556329346414e-4	2.6336070514061458e-5
1000	0.1	1e-4	77	5.604502702702695e-4	2.005373373373373	1.1727418	1.3355302661471972e-4	2.5200775677367626e-5
1000	0.1	1e-4	78	5.383639239239232e-4	2.0024024024024025	1.1732348	1.2779412347908563e-4	2.4111688586947163e-5
1000	0.1	1e-4	79	5.16124724724724e-4	2.003187187187187	1.1737008	1.2227029164806297e-4	2.3067166948534774e-5
1000	0.1	1e-4	80	4.978691891891885e-4	2.0046326326326325	1.1741755999999999	1.1697309226510279e-4	2.206560553356996e-5
1000	0.1	1e-4	81	4.779982382382375e-4	1.9863623623623623	1.1745944	1.1189428622242815e-4	2.1105437429415276e-5
1000	0.1	1e-4	82	4.607310110110103e-4	2.0116996996996996	1.1749752	1.0702583947137088e-4	2.0185135021891024e-5
1000	0.1	1e-4	83	4.4115195195195127e-4	2.0041641641641643	1.1753567999999999	1.0235992704873616e-4	1.9303210735081012e-05
1000	0.1	1e-4	84	4.200924724724718e-4	2.001761761761762	1.1757266	9.788893594226237e-5	1.8458217551785097e-5
1000	0.1	1e-4	85	4.0230998998998935e-4	1.994934934934935	1.17601	9.36054669100519e-5	1.7648749336430933e-5
1000	0.1	1e-4	86	3.888563963963957e-4	2.0046806806806807	1.176293	8.950233536103153e-5	1.6873440980766398e-5
1000	0.1	1e-4	87	3.734377977977972e-4	1.9987827827827829	1.1766383999999999	8.557257139575246e-5	1.6130968391177258e-5
1000	0.1	1e-4	88	3.4876094094094033e-4	2.0032392392392393	1.1769574	8.180941909972529e-5	1.5420048335118502e-5
1000	0.1	1e-4	89	3.3508934934934877e-4	2.0004844844844847	1.1772662	7.820633517434935e-5	1.4739438162789059e-5
1000	0.1	1e-4	90	3.1454552552552496e-4	2.0068508508508507	1.1775662	7.475698698394599e-5	1.4087935418932335e-5
1000	0.1	1e-4	91	2.98572592592592e-4	1.998998998998999	1.177791	7.145525009111935e-5	1.3464377358448687e-5
1000	0.1	1e-4	92	2.850289289289284e-4	2.000636636636637	1.1780561999999999	6.829520534666256e-5	1.2867640378363522e-5
1000	0.1	1e-4	93	2.6493985985985937e-4	1.997013013013013	1.1783252	6.527113559472877e-5	1.229663937764878e-5
1000	0.1	1e-4	94	2.520203003002998e-4	1.9977457457457457	1.1785164	6.23775220486308e-5	1.1750327055377551e-5
1000	0.1	1e-4	95	2.402777777777773e-4	1.99809009009009	1.1787318	5.960904038778315e-5	1.1227693156769653e-5
1000	0.1	1e-4	96	2.249013813813809e-4	2.003059059059059	1.1789372	5.69605566216711e-5	1.0727763675806594e-5
1000	0.1	1e-4	97	2.1267711711711666e-4	2.0003163163163165	1.1791132	5.442712276245017e-5	1.0249600022281103e-5
1000	0.1	1e-4	98	1.9755759759759717e-4	2.0064624624624625	1.1792832	5.200397234381193e-5	9.79229816039312e-6
1000	0.1	1e-4	99	1.8764330330330292e-4	2.00785985985986	1.1794274	4.96865158200067e-5	9.35498772529323e-6
1000	0.1	1e-4	100	1.7783815815815778e-4	2.000176176176176	1.1795704	4.747033587559108e-5	8.936831123343966e-6
1000	0.1	5e-4	5	0.0013336221621621615	2.005041041041041	1.0976858	0.001238745110882805	1.429321281787852e-4
1000	0.1	5e-4	6	0.0013424648648648642	2.0096496496496496	1.098876	0.0012324833258134454	1.4213850970967753e-4
1000	0.1	5e-4	7	0.0013484744344344339	2.0077357357357357	1.1001052	0.0012248935114129611	1.4119256816826073e-4
1000	0.1	5e-4	8	0.0013459033833833828	2.0035355355355353	1.1013211999999999	0.0012160111680075624	1.400986226667607e-4
1000	0.1	5e-4	9	0.0013460519519519513	2.0073193193193193	1.102509	0.0012058769473880448	1.388615771199031e-4
1000	0.1	5e-4	10	0.0013429771171171165	2.007247247247247	1.1037438	0.0011945362721800382	1.3748687496316982e-4
1000	0.1	5e-4	11	0.0013494117917917912	2.009353353353353	1.1048606	0.0011820389209020715	1.3598045005746112e-4
1000	0.1	5e-4	12	0.001347524644644644	2.0016696696696696	1.1060656	0.0011684385849501564	1.3434867451108138e-4
1000	0.1	5e-4	13	0.0013529652652652646	2.0048248248248246	1.1072126	0.0011537924039510957	1.32598304170456e-4
1000	0.1	5e-4	14	0.0013489422822822816	2.0025585585585586	1.1084726	0.0011381604859912295	1.3073642253541348e-4
1000	0.1	5e-4	15	0.0013570574174174167	2.001017017017017	1.1096884	0.0011216054191645892	1.2877038384465734e-4
1000	0.1	5e-4	16	0.0013376690890890884	1.9991351351351352	1.1109518	0.0011041917806997128	1.2670775605288297e-4
1000	0.1	5e-4	17	0.0013324003203203196	2.0042242242242243	1.1121244	0.001085985649630023	1.2455626438435708e-4
1000	0.1	5e-4	18	0.0013342531531531524	2.0042402402402404	1.1133358	0.0010670541285842162	1.2232373610050575e-4
1000	0.1	5e-4	19	0.0013386808008008	2.009905905905906	1.1145947999999999	0.0010474648798032343	1.2001804706266644e-4
1000	0.1	5e-4	20	0.0013256841841841835	2.0043763763763764	1.1158078	0.0010272856799588318	1.1764707060795131e-4
1000	0.1	5e-4	21	0.0013194458658658652	2.0065025025025025	1.116999	0.0010065839977692692	1.1521862918775357e-4
1000	0.1	5e-4	22	0.0013255861461461454	2.004024024024024	1.118138	9.854265977993694e-4	1.1274044914702291e-4
1000	0.1	5e-4	23	0.0013141291691691685	2.0001241241241243	1.119278	9.638791732100291e-4	1.1022011894976041e-4
1000	0.1	5e-4	24	0.0013139884684684677	2.0017897897897896	1.1205012	9.420060096003392e-4	1.0766505108385715e-4
1000	0.1	5e-4	25	0.0013108657057057048	2.009997997997998	1.1216232	9.19869681478999e-4	1.0508244780816388e-4
1000	0.1	5e-4	26	0.0013073492092092085	2.001641641641642	1.122817	8.975307823205003e-4	1.0247927083763977e-4
1000	0.1	5e-4	27	0.001302374914914914	2.0084924924924925	1.1239914	8.75047688616493e-4	9.986221499981446e-5
1000	0.1	5e-4	28	0.0012901735335335328	1.9958598598598598	1.1252204	8.524763578312248e-4	9.723768583843192e-5
1000	0.1	5e-4	29	0.0012829115515515508	2.0028668668668668	1.1262784	8.298701597178958e-4	9.461178108867569e-5
1000	0.1	5e-4	30	0.0012784793193193185	2.0088248248248246	1.1273972	8.072797400543015e-4	9.199027590324463e-5
1000	0.1	5e-4	31	0.001263254894894894	1.9987827827827829	1.1285852	7.847529155130648e-4	8.937861166993005e-5
1000	0.1	5e-4	32	0.0012510540940940933	2.003283283283283	1.1296784	7.623345980956524e-4	8.678188822938736e-5
1000	0.1	5e-4	33	0.0012465919919919912	2.0033873873873875	1.1308016	7.400667473278456e-4	8.420485927619215e-5
1000	0.1	5e-4	34	0.001245228028028027	2.0030430430430433	1.1319531999999999	7.179883482373384e-4	8.165193070698645e-5
1000	0.1	5e-4	35	0.0012237386186186177	2.005049049049049	1.1330772	6.961354130070458e-4	7.912716166599688e-5
1000	0.1	5e-4	36	0.0012090195195195187	2.000776776776777	1.1341577999999999	6.745410041178272e-4	7.663426803011046e-5
1000	0.1	5e-4	37	0.0012020954554554546	2.006226226226226	1.1352332	6.532352767568422e-4	7.417662807244903e-5
1000	0.1	5e-4	38	0.0012026416616616607	2.000788788788789	1.1361998	6.322455382684898e-4	7.175729004449364e-5
1000	0.1	5e-4	39	0.0011857217817817808	2.003323323323323	1.137205	6.115963224581545e-4	6.937898142160952e-5
1000	0.1	5e-4	40	0.001172382002002001	1.9984024024024023	1.1383226	5.91309476621282e-4	6.704411956489259e-5
1000	0.1	5e-4	41	0.0011616431831831823	2.002722722722723	1.1394618	5.714042592552379e-4	6.475482356286025e-5
1000	0.1	5e-4	42	0.0011386663463463455	2.005241241241241	1.1405548	5.518974465156811e-4	6.251292702925654e-5
1000	0.1	5e-4	43	0.0011321556756756748	2.000676676676677	1.1416572	5.328034455978377e-4	6.03199916475613e-5
1000	0.1	5e-4	44	0.0011197775775775767	2.0015455455455458	1.1426228	5.141344133520526e-4	5.817732126822019e-5
1000	0.1	5e-4	45	0.001105913713713713	1.999863863863864	1.1436283999999999	4.959003785793987e-4	5.6085976380810095e-5
1000	0.1	5e-4	46	0.0011036684284284276	2.001273273273273	1.1445772	4.781093665925719e-4	5.404678879982493e-5
1000	0.1	5e-4	47	0.0010866044444444436	2.001105105105105	1.1455268	4.607675247682929e-4	5.206037641934006e-5
1000	0.1	5e-4	48	0.0010737243643643634	2.003991991991992	1.146574	4.438792479566932e-4	5.0127157908116836e-5
1000	0.1	5e-4	49	0.0010599263063063055	2.007691691691692	1.1475462	4.2744730274877724e-4	4.824736723252914e-5
1000	0.1	5e-4	50	0.0010481182982982973	2.006746746746747	1.1485166	4.114729497341207e-4	4.642106790993163e-5
1000	0.1	5e-4	51	0.0010270221221221213	2.0015335335335336	1.149387	3.9595606300508063e-4	4.464816690947481e-5
1000	0.1	5e-4	52	0.0010089830430430422	2.0015295295295297	1.1502738	3.8089524628104397e-4	4.292842813092111e-5
1000	0.1	5e-4	53	9.976896096096086e-4	2.004768768768769	1.1511552	3.662879451352341e-4	4.126148540457342e-5
1000	0.1	5e-4	54	9.751293893893885e-4	1.9983423423423423	1.1520938	3.521305549073768e-4	3.964685496700568e-5
1000	0.1	5e-4	55	9.580214814814805e-4	2.0124084084084086	1.1529546	3.384185239773505e-4	3.808394737780272e-5
1000	0.1	5e-4	56	9.42076836836836e-4	2.006782782782783	1.1537832	3.2514645215854206e-4	3.657207885206208e-5
1000	0.1	5e-4	57	9.125231231231222e-4	2.000944944944945	1.1546648	3.1230818404421435e-4	3.511048199190048e-5
1000	0.1	5e-4	58	8.968225425425416e-4	1.992976976976977	1.1554484	2.9989689720676436e-4	3.369831590775916e-5
1000	0.1	5e-4	59	8.770975575575566e-4	2.0045485485485486	1.1562526	2.879051852081949e-4	3.233467572690721e-5
1000	0.1	5e-4	60	8.596948148148139e-4	1.9968168168168168	1.1570292	2.763251354311004e-4	3.101860149227864e-5
1000	0.1	5e-4	61	8.368590390390381e-4	2.0055695695695697	1.1577918	2.6514840178314505e-4	2.974908645967187e-5
1000	0.1	5e-4	62	8.178543743743734e-4	2.002834834834835	1.1585748	2.543662723653764e-4	2.8525084805501948e-5
1000	0.1	5e-4	63	7.989022822822814e-4	2.001293293293293	1.1592462	2.4396973222569232e-4	2.734551876072316e-5
1000	0.1	5e-4	64	7.71797857857857e-4	1.9994274274274275	1.1600198	2.3394952134441337e-4	2.620928518935346e-5
1000	0.1	5e-4	65	7.457384184184176e-4	2.002278278278278	1.1606703999999999	2.2429618801936846e-4	2.511526163225228e-5
1000	0.1	5e-4	66	7.265172572572564e-4	2.0017057057057057	1.1613434	2.150001378338875e-4	2.4062311838514183e-5
1000	0.1	5e-4	67	7.024799599599591e-4	1.9979659659659659	1.1620028	2.060516784031335e-4	2.3049290808101337e-5
1000	0.1	5e-4	68	6.769881881881873e-4	1.9971331331331332	1.16262	1.9744106010240506e-4	2.2075049370163717e-5
1000	0.1	5e-4	69	6.523831031031022e-4	2.006238238238238	1.1631639999999999	1.891585129865469e-4	2.1138438322016768e-5
1000	0.1	5e-4	70	6.287200400400391e-4	2.0092452452452454	1.1636732	1.8119428011188356e-4	2.023831215390409e-5
1000	0.1	5e-4	71	6.09203863863863e-4	2.006338338338338	1.1642114	1.7353864747260588e-4	1.9373532384632556e-5
1000	0.1	5e-4	72	5.864953353353345e-4	2.002798798798799	1.1647644	1.6618197076154325e-4	1.854297053284711e-5
1000	0.1	5e-4	73	5.612624424424416e-4	2.002322322322322	1.1652806	1.591146991620144e-4	1.7745510748254698e-5
1000	0.1	5e-4	74	5.394801201201193e-4	1.9975335335335336	1.1657604	1.5232739637258935e-4	1.698005212647031e-5
1000	0.1	5e-4	75	5.132664864864857e-4	2.0033913913913914	1.1662614	1.4581075906075014e-4	1.624551073041458e-5
1000	0.1	5e-4	76	4.8800364364364287e-4	2.002894894894895	1.16671	1.395556329346414e-4	1.5540821340345973e-5
1000	0.1	5e-4	77	4.723788388388381e-4	1.9994794794794795	1.1670677999999999	1.3355302661471972e-4	1.4864938953702716e-5
1000	0.1	5e-4	78	4.497993193193186e-4	2.0015615615615614	1.1674959999999999	1.2779412347908563e-4	1.4216840054953931e-5
1000	0.1	5e-4	79	4.2897643643643573e-4	2.002018018018018	1.1678914	1.2227029164806297e-4	1.3595523674666511e-5
1000	0.1	5e-4	80	4.084173773773767e-4	2.000292292292292	1.1682488	1.1697309226510279e-4	1.3000012255975856e-5
1000	0.1	5e-4	81	3.8705669669669604e-4	2.0084404404404403	1.1686196	1.1189428622242815e-4	1.2429352345615072e-5
1000	0.1	5e-4	82	3.7019275275275215e-4	1.9965685685685686	1.168928	1.0702583947137088e-4	1.1882615125650297e-5
1000	0.1	5e-4	83	3.5561881881881823e-4	2.0014174174174175	1.1692056	1.0235992704873616e-4	1.1358896801050215e-5
1000	0.1	5e-4	84	3.3871873873873816e-4	2.002798798798799	1.1695066	9.788893594226237e-5	1.0857318857241498e-5
1000	0.1	5e-4	85	3.2119261261261204e-4	2.0040680680680683	1.1698009999999999	9.36054669100519e-5	1.0377028200838089e-5
1000	0.1	5e-4	86	3.0624198198198147e-4	1.9973453453453454	1.1700538	8.950233536103153e-5	9.91719719581426e-6
1000	0.1	5e-4	87	2.938298298298293e-4	1.998114114114114	1.1703147999999999	8.557257139575246e-5	9.477023606484962e-6
1000	0.1	5e-4	88	2.7912438438438387e-4	1.9982382382382382	1.1705454	8.180941909972529e-5	9.055730457824743e-6
1000	0.1	5e-4	89	2.657021821821817e-4	2.002966966966967	1.1707736	7.820633517434935e-5	8.652565822825483e-6
1000	0.1	5e-4	90	2.5181137137137094e-4	2.0005005005005003	1.1709988	7.475698698394599e-5	8.266802545830739e-6
1000	0.1	5e-4	91	2.406873473473469e-4	2.0015615615615614	1.1712038	7.145525009111935e-5	7.897737910054413e-6
1000	0.1	5e-4	92	2.294570970970967e-4	2.0019419419419417	1.1713736	6.829520534666256e-5	7.54469325679568e-6
1000	0.1	5e-4	93	2.1535547547547507e-4	1.9951671671671671	1.1715655999999999	6.527113559472877e-5	7.207013563225301e-6
1000	0.1	5e-4	94	2.0397291291291255e-4	1.9983543543543543	1.1717541999999999	6.23775220486308e-5	6.88406698500022e-6
1000	0.1	5e-4	95	1.9056444444444408e-4	2.004948948948949	1.1719564	5.960904038778315e-5	6.575244369403658e-6
1000	0.1	5e-4	96	1.808925525525522e-4	2.0011731731731732	1.1721266	5.69605566216711e-5	6.279958744174989e-6
1000	0.1	5e-4	97	1.7520138138138106e-4	2.0046206206206207	1.172245	5.442712276245017e-5	5.997644786701448e-6
1000	0.1	5e-4	98	1.6057943943943912e-4	1.99801001001001	1.1724374	5.200397234381193e-5	5.7277582777882656e-6
1000	0.1	5e-4	99	1.5091575575575545e-4	1.99805005005005	1.1725695999999999	4.96865158200067e-5	5.469775543794726e-6
1000	0.1	5e-4	100	1.4111051051051023e-4	2.001873873873874	1.172734	4.747033587559108e-5	5.223192890543084e-6
1000	0.1	0.02	5	0.0012117313313313308	2.001977977977978	1.0952844	0.001238745110882805	7.470320288089819e-6
1000	0.1	0.02	6	0.0012086900900900894	2.005081081081081	1.0964248	0.0012324833258134454	7.283907085013796e-6
1000	0.1	0.02	7	0.0012093961761761756	2.007287287287287	1.0975118	0.0012248935114129611	7.09427067491897e-6
1000	0.1	0.02	8	0.0011985833033033026	2.0083643643643643	1.0986748	0.0012160111680075624	6.901969880162398e-6
1000	0.1	0.02	9	0.0012006623223223217	2.004228228228228	1.0997805999999999	0.0012058769473880448	6.707559977444753e-6
1000	0.1	0.02	10	0.0011991403003002996	2.0056296296296297	1.1007628	0.0011945362721800382	6.511589125301083e-6
1000	0.1	0.02	11	0.0012008978378378373	2.0063703703703704	1.1019478	0.0011820389209020715	6.314594979691931e-6
1000	0.1	0.02	12	0.0012038202602602597	2.000348348348348	1.103026	0.0011684385849501564	6.117101532185123e-6
1000	0.1	0.02	13	0.0012042033233233228	2.0073993993993993	1.1040076	0.0011537924039510957	5.9196162001849695e-6
1000	0.1	0.02	14	0.0011974268068068062	1.9984744744744745	1.1050454	0.0011381604859912295	5.722627193286895e-6
1000	0.1	0.02	15	0.0011995379779779773	2.0033273273273275	1.1060931999999999	0.0011216054191645892	5.5266011742923144e-6
1000	0.1	0.02	16	0.0011949869269269264	2.0056056056056057	1.1071126	0.0011041917806997128	5.331981227833377e-6
1000	0.1	0.02	17	0.001189566566566566	2.0032352352352354	1.10822	0.001085985649630023	5.139185144067354e-6
1000	0.1	0.02	18	0.0011952561161161156	2.0026226226226225	1.1093398	0.0010670541285842162	4.9486040196349696e-6
1000	0.1	0.02	19	0.0011985308908908903	2.0086086086086086	1.1104812	0.0010474648798032343	4.7606011731272825e-6
1000	0.1	0.02	20	0.001201514494494494	2.0051731731731732	1.1117046	0.0010272856799588318	4.5755113677760735e-6
1000	0.1	0.02	21	0.0012075429229229224	2.0056376376376375	1.1128018	0.0010065839977692692	4.393640330027143e-6
1000	0.1	0.02	22	0.0012160429629629625	2.0134454454454453	1.1138216	9.854265977993694e-4	4.215264549136894e-6
1000	0.1	0.02	23	0.0012221409609609606	2.0036556556556557	1.114895	9.638791732100291e-4	4.040631339975885e-6
1000	0.1	0.02	24	0.0012237349949949946	2.002074074074074	1.1159758	9.420060096003392e-4	3.869959148839515e-6
1000	0.1	0.02	25	0.0012271339739739736	2.0006246246246246	1.117054	9.19869681478999e-4	3.7034380802605148e-6
1000	0.1	0.02	26	0.0012342207207207201	2.0027307307307307	1.1181922	8.975307823205003e-4	3.5412306215650456e-6
1000	0.1	0.02	27	0.0012373187987987982	1.9998318318318318	1.1193504	8.75047688616493e-4	3.3834725411889744e-6
1000	0.1	0.02	28	0.0012422138338338334	2.0033993993993993	1.1204634	8.524763578312248e-4	3.23027393653156e-6
1000	0.1	0.02	29	0.0012529431231231227	1.9976376376376377	1.1215598	8.298701597178958e-4	3.0817204073233422e-06
1000	0.1	0.02	30	0.0012485536736736732	2.002994994994995	1.1226715999999999	8.072797400543015e-4	2.937874331071176e-6
1000	0.1	0.02	31	0.0012458324124124118	2.0074114114114114	1.1237894	7.847529155130648e-4	2.798776218058861e-6
1000	0.1	0.02	32	0.0012586621621621615	2.0038198198198196	1.124951	7.623345980956524e-4	2.6644461245734484e-6
1000	0.1	0.02	33	0.0012537466666666661	2.001273273273273	1.126066	7.400667473278456e-4	2.5348851044328705e-6
1000	0.1	0.02	34	0.0012568817617617611	2.0022102102102104	1.1271731999999999	7.179883482373384e-4	2.4100766804632467e-6
1000	0.1	0.02	35	0.0012519431431431425	2.0033513513513515	1.1283304	6.961354130070458e-4	2.289988319257197e-6
1000	0.1	0.02	36	0.0012543121721721715	2.0096176176176175	1.1294861999999999	6.745410041178272e-4	2.174572894295102e-6
1000	0.1	0.02	37	0.00125525065065065	2.003827827827828	1.1305292	6.532352767568422e-4	2.0637701242858237e-6
1000	0.1	0.02	38	0.0012469561561561555	2.0035995995995997	1.1316896	6.322455382684898e-4	1.9575079753472527e-6
1000	0.1	0.02	39	0.001235613733733733	2.005137137137137	1.132838	6.115963224581545e-4	1.8557040173663546e-6
1000	0.1	0.02	40	0.001235148688688688	1.9975255255255255	1.1340206	5.91309476621282e-4	1.7582667265319057e-6
1000	0.1	0.02	41	0.0012354874674674668	2.008884884884885	1.1350782	5.714042592552379e-4	1.665096727595245e-6
1000	0.1	0.02	42	0.0012290300500500493	2.009069069069069	1.1361842	5.518974465156811e-4	1.5760879708737456e-6
1000	0.1	0.02	43	0.0012192079879879871	1.9971531531531532	1.1372422	5.328034455978377e-4	1.491128840355156e-6
1000	0.1	0.02	44	0.0012095324524524517	2.003051051051051	1.138394	5.141344133520526e-4	1.4101031904813332e-6
1000	0.1	0.02	45	0.0012006473873873865	2.0056176176176175	1.1395018	4.959003785793987e-4	1.3328913102857186e-6
1000	0.1	0.02	46	0.0011863316916916908	2.0045325325325325	1.1406252	4.781093665925719e-4	1.2593708145264237e-6
1000	0.1	0.02	47	0.001169145925925925	2.001057057057057	1.141701	4.607675247682929e-4	1.1894174623018332e-6
1000	0.1	0.02	48	0.0011496318118118108	2.005221221221221	1.1427638	4.438792479566932e-4	1.1229059043599472e-6
1000	0.1	0.02	49	0.0011329036836836828	1.9992312312312313	1.1438198	4.2744730274877724e-4	1.059710360922396e-6
1000	0.1	0.02	50	0.0011131883083083075	2.000832832832833	1.1447996	4.114729497341207e-4	9.99705232348245e-7
1000	0.1	0.02	51	0.0010939222622622614	2.001193193193193	1.1458466	3.9595606300508063e-4	9.427656453663079e-7
1000	0.1	0.02	52	0.0010728640440440431	1.9951071071071071	1.1468521999999999	3.8089524628104397e-4	8.887679379190352e-7
1000	0.1	0.02	53	0.0010615645245245235	2.011671671671672	1.1477824	3.662879451352341e-4	8.375900858930494e-7
1000	0.1	0.02	54	0.001040848128128127	2.003019019019019	1.1486787999999999	3.521305549073768e-4	7.891120751711152e-7
1000	0.1	0.02	55	0.0010155637237237228	2.0046526526526525	1.1496236	3.384185239773505e-4	7.432162225351607e-7
1000	0.1	0.02	56	9.880541341341332e-4	2.0092492492492493	1.15048	3.2514645215854206e-4	6.997874489900889e-7
1000	0.1	0.02	57	9.638915315315305e-4	2.003915915915916	1.1513388	3.1230818404421435e-4	6.587135090693643e-7
1000	0.1	0.02	58	9.476625425425415e-4	2.003783783783784	1.1521032	2.9989689720676436e-4	6.198851796349747e-7
1000	0.1	0.02	59	9.223955355355345e-4	2.001661661661662	1.1530078	2.879051852081949e-4	5.831964116021708e-7
1000	0.1	0.02	60	8.93960020020019e-4	2.004052052052052	1.1538186	2.763251354311004e-4	5.485444479102363e-7
1000	0.1	0.02	61	8.727493693693683e-4	2.0038958958958957	1.1546522	2.6514840178314505e-4	5.15829910929507e-7
1000	0.1	0.02	62	8.461012212212202e-4	1.9981021021021022	1.1555132	2.543662723653764e-4	4.849568623480298e-7
1000	0.1	0.02	63	8.16272032032031e-4	2.0018418418418418	1.1563588	2.4396973222569232e-4	4.558328384218682e-7
1000	0.1	0.02	64	7.938887287287277e-4	2.010102102102102	1.1570636	2.3394952134441337e-4	4.2836886330614404e-7
1000	0.1	0.02	65	7.667876476476467e-4	1.9972252252252252	1.1577718	2.2429618801936846e-4	4.024794430120828e-7
1000	0.1	0.02	66	7.437270470470461e-4	1.9992272272272271	1.1584808	2.150001378338875e-4	3.780825423619019e-7
1000	0.1	0.02	67	7.180281881881873e-4	2.008292292292292	1.1591296	2.060516784031335e-4	3.550995471407944e-7
1000	0.1	0.02	68	6.875432032032023e-4	1.9994074074074073	1.1597438	1.9744106010240506e-4	3.3345521347488465e-7
1000	0.1	0.02	69	6.675908508508499e-4	1.997957957957958	1.160305	1.891585129865469e-4	3.130776062987587e-7
1000	0.1	0.02	70	6.436977977977968e-4	2.0074514514514514	1.1608802	1.8119428011188356e-4	2.9389802861560883e-7
1000	0.1	0.02	71	6.191371771771763e-4	2.002126126126126	1.161436	1.7353864747260588e-4	2.7585094310007155e-7
1000	0.1	0.02	72	5.909111511511503e-4	2.0041641641641643	1.1619996	1.6618197076154325e-4	2.58873887447324e-7
1000	0.1	0.02	73	5.673285685685677e-4	2.003099099099099	1.1625336	1.591146991620144e-4	2.42907384734072e-7
1000	0.1	0.02	74	5.410659259259251e-4	2.001757757757758	1.1630829999999999	1.5232739637258935e-4	2.2789484992690384e-7
1000	0.1	0.02	75	5.136052652652645e-4	2.006018018018018	1.1636005999999999	1.4581075906075014e-4	2.1378249355189497e-7
1000	0.1	0.02	76	4.939891891891884e-4	2.003631631631632	1.1640512	1.395556329346414e-4	2.005192234260259e-7
1000	0.1	0.02	77	4.733810210210203e-4	2.002938938938939	1.164496	1.3355302661471972e-4	1.8805654524608477e-7
1000	0.1	0.02	78	4.456858858858852e-4	2.0016456456456457	1.1649684	1.2779412347908563e-4	1.7634846273373815e-7
1000	0.1	0.02	79	4.255163563563557e-4	2.0038158158158157	1.1653107999999999	1.2227029164806297e-4	1.653513779465541e-7
1000	0.1	0.02	80	4.085095295295289e-4	2.0021901901901904	1.1657222	1.1697309226510279e-4	1.5502399228333204e-7
1000	0.1	0.02	81	3.890294694694688e-4	1.9961921921921921	1.1660476	1.1189428622242815e-4	1.4532720863777889e-7
1000	0.1	0.02	82	3.746420220220214e-4	2.0006526526526525	1.1663502	1.0702583947137088e-4	1.3622403508736365e-7
1000	0.1	0.02	83	3.574620020020014e-4	1.9983063063063062	1.1666778	1.0235992704873616e-4	1.2767949044310768e-7
1000	0.1	0.02	84	3.372808008008002e-4	1.999083083083083	1.1669908	9.788893594226237e-5	1.1966051193131228e-7
1000	0.1	0.02	85	3.2041523523523467e-4	1.995075075075075	1.1673026	9.36054669100519e-5	1.121358652289392e-7
1000	0.1	0.02	86	3.041776976976972e-4	2.0006406406406407	1.1676072	8.950233536103153e-5	1.0507605703048244e-7
1000	0.1	0.02	87	2.9016658658658607e-4	1.9944224224224225	1.167851	8.557257139575246e-5	9.845325028487679e-8
1000	0.1	0.02	88	2.7991381381381334e-4	2.004104104104104	1.1680598	8.180941909972529e-5	9.22411822065653e-8
1000	0.1	0.02	89	2.6501291291291244e-4	2.002398398398398	1.1682793999999999	7.820633517434935e-5	8.641508513410427e-8
1000	0.1	0.02	90	2.516363963963959e-4	1.9975975975975977	1.16848	7.475698698394599e-5	8.095161028299332e-8
1000	0.1	0.02	91	2.3767101101101058e-4	1.9983383383383384	1.168713	7.145525009111935e-5	7.582875441604503e-8
1000	0.1	0.02	92	2.2300936936936897e-4	2.001973973973974	1.168936	6.829520534666256e-5	7.10257894342698e-8
1000	0.1	0.02	93	2.0897201201201162e-4	1.9996436436436436	1.1690943999999999	6.527113559472877e-5	6.652319487390132e-8
1000	0.1	0.02	94	1.9987553553553515e-4	2.003915915915916	1.1692605999999999	6.23775220486308e-5	6.230259328015599e-8
1000	0.1	0.02	95	1.9005337337337302e-4	1.9977257257257257	1.1694292	5.960904038778315e-5	5.834668841575642e-8
1000	0.1	0.02	96	1.8124088088088055e-4	2.0066346346346347	1.16958	5.69605566216711e-5	5.463920625161347e-8
1000	0.1	0.02	97	1.716232232232229e-4	2.001125125125125	1.1697308	5.442712276245017e-5	5.116483867829013e-8
1000	0.1	0.02	98	1.6553723723723693e-4	1.9984424424424425	1.169853	5.200397234381193e-5	4.790918986973078e-8
1000	0.1	0.02	99	1.5359375375375347e-4	2.0034194194194193	1.1700044	4.96865158200067e-5	4.485872522497698e-8
1000	0.1	0.02	100	1.428965965965963e-4	2.007323323323323	1.1701674	4.747033587559108e-5	4.200072280923753e-8
1000	0.2	1e-4	5	0.005007895415415413	2.01417017017017	1.1974312	0.004839040665172145	9.197007112169282e-4
1000	0.2	1e-4	6	0.005007751191191189	2.0115235235235236	1.2015124	0.004752009799150759	9.030694411728213e-4
1000	0.2	1e-4	7	0.005034461261261259	2.021001001001001	1.2055612	0.004648745163745555	8.833567397018034e-4
1000	0.2	1e-4	8	0.005016518918918917	2.0176296296296297	1.2098448	0.004530852641261902	8.608686517262784e-4
1000	0.2	1e-4	9	0.005041722842842841	2.011043043043043	1.2139495999999999	0.004400071191518773	8.359363823300423e-4
1000	0.2	1e-4	10	0.005028072952952951	2.0093653653653654	1.2181035999999998	0.00425822385150886	8.08906975873068e-4
1000	0.2	1e-4	11	0.005041637397397395	2.012996996996997	1.2220651999999999	0.004107170478606201	7.801343318722536e-4
1000	0.2	1e-4	12	0.00502186178178178	2.0206246246246247	1.2266139999999999	0.0039487639772961105	7.499708878799005e-4
1000	0.2	1e-4	13	0.004986058138138136	2.013013013013013	1.2309188	0.003784811351715995	7.187602238042166e-4
1000	0.2	1e-4	14	0.004950678278278276	2.0153553553553554	1.2351036	0.0036170405022035593	6.868307613826144e-4
1000	0.2	1e-4	15	0.004930533973973972	2.0108868868868868	1.2392652	0.0034470732696236838	6.544906536930545e-4
1000	0.2	1e-4	16	0.0049607654054054035	2.0271231231231233	1.2432904	0.003276404855054016	6.220238880927365e-4
1000	0.2	1e-4	17	0.004944231191191189	2.0118758758758757	1.2473851999999999	0.003106389424156657	5.896875655403318e-4
1000	0.2	1e-4	18	0.004937335495495493	2.0141941941941943	1.2516028	0.0029382314560702076	5.577102719305625e-4
1000	0.2	1e-4	19	0.004915942822822821	2.015903903903904	1.2560263999999999	0.0027729822188468094	5.262914233901612e-4
1000	0.2	1e-4	20	0.0048828005605605585	2.0086646646646646	1.2599536	0.0026115406439290553	4.956014467925186e-4
1000	0.2	1e-4	21	0.004873844404404402	2.0123723723723725	1.2640015999999998	0.00245465782306559	4.657826475428487e-4
1000	0.2	1e-4	22	0.004832467587587585	2.0114874874874875	1.268138	0.00230294435189687	4.369506169618075e-4
1000	0.2	1e-4	23	0.004849423183183181	2.0154114114114114	1.2721784	0.002156879783663985	4.0919603915440597e-4
1000	0.2	1e-4	24	0.0047862645045045026	2.0042842842842843	1.2760984	0.0020168235227390335	3.8258676992963353e-4
1000	0.2	1e-4	25	0.004749365685685684	2.013717717717718	1.2800471999999998	0.001883026570652962	3.5717007617709406e-4
1000	0.2	1e-4	26	0.004690797437437435	2.0162802802802804	1.2840956	0.0017556436282859568	3.3297494145314134e-4
1000	0.2	1e-4	27	0.00464939187187187	2.010054054054054	1.2879572	0.0016347451499632746	3.1001436106605884e-4
1000	0.2	1e-4	28	0.004609709789789787	2.002666666666667	1.2918843999999998	0.0015203290332489391	2.8828756670729435e-4
1000	0.2	1e-4	29	0.004587603523523521	2.018702702702703	1.2955548	0.0014123317087713521	2.6778213599464707e-4
1000	0.2	1e-4	30	0.004514000240240238	2.017393393393393	1.2992903999999998	0.0013106384653819633	2.484759557832488e-4
1000	0.2	1e-4	31	0.004456630230230229	2.0086046046046047	1.3029807999999998	0.0012150929063993508	2.3033901958456181e-4
1000	0.2	1e-4	32	0.004342593873873872	2.0125485485485486	1.3067332	0.0011255054825441734	2.1333504889883698e-4
1000	0.2	1e-4	33	0.004229907347347345	2.00603003003003	1.3102512	0.0010416610869409617	1.9742293581226787e-4
1000	0.2	1e-4	34	0.0041032440440440425	2.003727727727728	1.3137391999999999	9.63325728156852e-4	1.8255801001007793e-4
1000	0.2	1e-4	35	0.003976036196196194	2.0138658658658657	1.3171127999999999	8.902523197848593e-4	1.6869313762491863e-4
1000	0.2	1e-4	36	0.00380250202202202	2.0075675675675675	1.3203471999999998	8.221856407621767e-4	1.5577966230550828e-4
1000	0.2	1e-4	37	0.0036499951951951934	2.010898898898899	1.3234924	7.588665306341972e-4	1.4376820078052373e-4
1000	0.2	1e-4	38	0.0034964149749749734	2.0183143143143143	1.3264095999999999	7.000353894480306e-4	1.3260930621975613e-4
1000	0.2	1e-4	39	0.0033110731531531515	2.0133413413413415	1.3292792	6.454350538910575e-4	1.222540130498458e-4
1000	0.2	1e-4	40	0.003100477517517516	2.013873873873874	1.3318851999999999	5.948131205533839e-4	1.1265427673149823e-4
1000	0.2	1e-4	41	0.002909180060060059	2.008868868868869	1.3344159999999998	5.479237845276658e-4	1.0376332148955208e-4
1000	0.2	1e-4	42	0.002716500340340339	2.000008008008008	1.3366296	5.045292575727529e-4	9.553590822193643e-5
1000	0.2	1e-4	43	0.002522759159159158	2.01204004004004	1.3388316	4.6440082524841936e-4	8.792853389134833e-5
1000	0.2	1e-4	44	0.0023238057257257247	2.0112712712712715	1.3407776	4.2731959715785805e-4	8.089957269663961e-5
1000	0.2	1e-4	45	0.0021494953353353346	2.005757757757758	1.342538	3.9307699900388137e-4	7.440936828464642e-5
1000	0.2	1e-4	46	0.0019695453853853847	2.0083323323323325	1.3442056	3.614750497874957e-4	6.842028523798861e-5
1000	0.2	1e-4	47	0.0018001015415415407	2.000656656656657	1.3456096	3.3232646230530935e-4	6.289672708888885e-5
1000	0.2	1e-4	48	0.0016356249849849842	2.003771771771772	1.3469604	3.054546002362152e-4	5.780512718241353e-5
1000	0.2	1e-4	49	0.0014850603403403397	2.0069069069069068	1.3482716	2.8069332061021854e-4	5.311391785643966e-5
1000	0.2	1e-4	50	0.0013469330130130124	2.0051891891891893	1.3493712	2.5788672635529826e-4	4.8793482626115815e-5
1000	0.2	1e-4	51	0.0012192442042042036	2.002910910910911	1.3503192	2.3688884993191425e-4	4.481609535944858e-5
1000	0.2	1e-4	52	0.0010931405805805802	2.004808808808809	1.3512971999999999	2.175632857826772e-4	4.115584980659628e-5
1000	0.2	1e-4	53	9.817140340340337e-4	2.001721721721722	1.3520672	1.997827864306476e-4	3.778858229536084e-5
1000	0.2	1e-4	54	8.877250050050046e-4	2.001981981981982	1.3528272	1.8342883452812978e-4	3.469178992432077e-5
1000	0.2	1e-4	55	7.850470470470467e-4	2.010242242242242	1.3534739999999998	1.683912009614622e-4	3.1844546167829796e-5
1000	0.2	1e-4	56	7.095557157157154e-4	1.99801001001001	1.3540516	1.545674972246924e-4	2.9227415447698124e-5
1000	0.2	1e-4	57	6.387577977977975e-4	1.9985505505505505	1.3545551999999998	1.4186272865574648e-4	2.6822367918968717e-5
1000	0.2	1e-4	58	5.697893093093091e-4	1.9973053053053054	1.3550415999999998	1.30188853752254e-4	2.4612695455980873e-5
1000	0.2	1e-4	59	5.040620620620619e-4	1.997941941941942	1.3554427999999998	1.1946435362207743e-4	2.2582929604444273e-5
1000	0.2	1e-4	60	4.480751151151149e-4	1.999883883883884	1.3558375999999999	1.0961381464877111e-4	2.0718762080376706e-5
1000	0.2	1e-4	61	3.9192040040040026e-4	2.0035435435435436	1.3561664	1.005675266403213e-4	1.900696824285162e-5
1000	0.2	1e-4	62	3.4776352352352337e-4	2.005077077077077	1.3564564	9.22610980580315e-5	1.743533384026295e-5
1000	0.2	1e-4	63	3.0498458458458447e-4	2.004960960960961	1.3566947999999999	8.46350893717925e-5	1.5992585225528528e-05
1000	0.2	1e-4	64	2.712388388388387e-4	2.0047487487487485	1.3569132	7.763466514019223e-5	1.4668323150891345e-5
1000	0.2	1e-4	65	2.404856056056055e-4	2.0081241241241243	1.3571064	7.120926505350265e-5	1.345296018479807e-5
1000	0.2	1e-4	66	2.1049465465465455e-4	1.9993753753753754	1.3572768	6.531229389092775e-5	1.2337661739149455e-5
1000	0.2	1e-4	67	1.8221645645645636e-4	1.997041041041041	1.3574287999999999	5.990083011882084e-5	1.131429065278816e-5
1000	0.2	1e-4	68	1.6111479479479472e-4	1.9982182182182182	1.357546	5.4935352683607e-5	1.0375355244463384e-5
1000	0.2	1e-4	69	1.3696184184184177e-4	2.0047247247247246	1.35767	5.0379485422921945e-5	9.513960723987718e-6
1000	0.2	1e-4	70	1.204243443443443e-4	2.002862862862863	1.357778	4.619975842399671e-5	8.72376383254898e-6
1000	0.2	1e-4	71	1.0620452452452448e-4	1.9984704704704706	1.3578476	4.236538559248582e-5	7.998930570812533e-6
1000	0.2	1e-4	72	9.143143143143139e-5	2.0003523523523525	1.3579328	3.884805765299043e-5	7.334096865642713e-6
1000	0.2	1e-4	73	7.888056056056052e-5	2.003975975975976	1.357994	3.5621749779377816e-5	6.724332022020529e-6
1000	0.2	1e-4	74	6.38644244244244e-5	1.9977857857857857	1.3580748	3.2662543045279886e-5	6.1651048053996895e-6
1000	0.2	1e-4	75	5.353233233233231e-5	2.00615015015015	1.358126	2.9948458889169358e-5	5.652252000624033e-6
1000	0.2	1e-4	76	4.693157157157155e-5	2.002198198198198	1.3581607999999998	2.7459305801891516e-5	5.181949296195566e-6
1000	0.2	1e-4	77	4.053269269269267e-5	2.005217217217217	1.3581952	2.517653746506967e-5	4.750684346678324e-6
1000	0.2	1e-4	78	3.608040040040038e-5	1.9984104104104103	1.3582176	2.308312159459157e-5	4.355231871006291e-6
1000	0.2	1e-4	79	3.3069389389389376e-5	1.9922122122122121	1.3582311999999999	2.1163418772982224e-5	3.9926306501606336e-6
1000	0.2	1e-4	80	2.887303303303302e-5	2.0017097097097096	1.358256	1.9403070586584097e-5	3.6601622938483954e-6
1000	0.2	1e-4	81	2.6228148148148138e-5	2.0016896896896896	1.3582687999999998	1.7788896417293022e-5	3.355331652299093e-6
1000	0.2	1e-4	82	2.009873873873873e-5	2.0004124124124125	1.3582995999999998	1.6308798273076473e-5	3.0758487558968467e-6
1000	0.2	1e-4	83	1.710854854854854e-5	2.0062302302302304	1.3583132	1.495167307620896e-5	2.8196121720043967e-6
1000	0.2	1e-4	84	1.3250690690690685e-5	2.000864864864865	1.3583328	1.3707331862688405e-5	2.5846936749343393e-6
1000	0.2	1e-4	85	1.0733773773773769e-5	2.000972972972973	1.3583455999999998	1.256642537993479e-5	2.3693241314478897e-6
1000	0.2	1e-4	86	1.1201441441441437e-5	1.997977977977978	1.3583432	1.1520375602722113e-5	2.1718805104322178e-6
1000	0.2	1e-4	87	9.609129129129124e-6	2.0042042042042043	1.3583528	1.056131271885624e-5	1.9908739314296764e-6
1000	0.2	1e-4	88	7.740060060060057e-6	1.9993953953953953	1.3583607999999998	9.68201716645791e-6	1.8249386724801885e-6
1000	0.2	1e-4	89	6.328568568568566e-6	1.9986146146146146	1.358368	8.875866333613e-6	1.6728220632486438e-6
1000	0.2	1e-4	90	5.620740740740738e-6	2.003019019019019	1.3583716	8.136785558442417e-6	1.5333751946109717e-6
1000	0.2	1e-4	91	5.774174174174171e-6	2.004192192192192	1.3583707999999999	7.4592030937779944e-6	1.4055443808518273e-6
1000	0.2	1e-4	92	5.3805805805805785e-6	2.0006286286286286	1.3583728	6.838008724862446e-6	1.2883633152432114e-6
1000	0.2	1e-4	93	5.687287287287285e-6	1.9968008008008007	1.3583712	6.268515751576985e-6	1.180945864169678e-6
1000	0.2	1e-4	94	4.750670670670669e-6	2.002706706706707	1.358376	5.74642606821355e-6	1.0824794490620304e-6
1000	0.2	1e-4	95	4.514514514514513e-6	1.99995995995996	1.3583771999999998	5.267798093832174e-6	9.922189692133594e-7
1000	0.2	1e-4	96	3.884604604604603e-6	1.9914954954954955	1.3583804	4.829017325209185e-6	9.094812221605003e-7
1000	0.2	1e-4	97	3.0158158158158146e-6	2.002998998998999	1.3583847999999998	4.426769301680602e-6	8.336397816061267e-7
1000	0.2	1e-4	98	3.099179179179178e-6	1.9963083083083084	1.3583851999999998	4.058014787631328e-6	7.641202959854038e-7
1000	0.2	1e-4	99	1.8321521521521513e-6	1.9947107107107107	1.3583908	3.719966993468118e-6	7.003961736511536e-7
1000	0.2	1e-4	100	1.5127927927927922e-6	2.005029029029029	1.3583923999999998	3.4100706698718235e-6	6.419846233062588e-7
1000	0.2	5e-4	5	0.005214285725725723	2.0237437437437436	1.2028492	0.004839040665172145	5.583508459814014e-4
1000	0.2	5e-4	6	0.005215351271271269	2.0138298298298296	1.2074316	0.004752009799150759	5.480346685674443e-4
1000	0.2	5e-4	7	0.005217884364364362	2.0212852852852854	1.21191	0.004648745163745555	5.358574131655501e-4
1000	0.2	5e-4	8	0.005188449649649647	2.011851851851852	1.2162275999999999	0.004530852641261902	5.22006895369977e-4
1000	0.2	5e-4	9	0.0051818196596596575	2.01819019019019	1.2204468	0.004400071191518773	5.066858823510881e-4
1000	0.2	5e-4	10	0.00517253181181181	2.012736736736737	1.224658	0.00425822385150886	4.901064152444156e-4
1000	0.2	5e-4	11	0.005165236276276274	2.0095775775775775	1.2290168	0.004107170478606201	4.7248434909180024e-4
1000	0.2	5e-4	12	0.005149949549549547	2.01583983983984	1.2331851999999999	0.0039487639772961105	4.540343096676057e-4
1000	0.2	5e-4	13	0.005163798838838837	2.0134494494494493	1.2374512	0.003784811351715995	4.3496522002055396e-4
1000	0.2	5e-4	14	0.005118985065065063	2.012172172172172	1.2416984	0.0036170405022035593	4.154765002335819e-4
1000	0.2	5e-4	15	0.005129736136136134	2.015787787787788	1.2458928	0.0034470732696236838	3.9575499590641935e-4
1000	0.2	5e-4	16	0.005109253013013011	2.0184864864864864	1.2500948	0.003276404855054016	3.75972647470345e-4
1000	0.2	5e-4	17	0.005077653653653652	2.0085645645645647	1.2544168	0.003106389424156657	3.56284875889331e-4
1000	0.2	5e-4	18	0.005072668028028026	2.0153313313313315	1.2584904	0.0029382314560702076	3.3682963179329495e-4
1000	0.2	5e-4	19	0.005051141221221219	2.012056056056056	1.2626552	0.0027729822188468094	3.177270349226519e-4
1000	0.2	5e-4	20	0.005032626786786784	2.0169009009009007	1.2669371999999999	0.0026115406439290553	2.9907951850761586e-4
1000	0.2	5e-4	21	0.004996365565565563	2.0195915915915914	1.2711683999999999	0.00245465782306559	2.809723879232994e-4
1000	0.2	5e-4	22	0.004967094534534532	2.0151991991991993	1.2753539999999999	0.00230294435189687	2.634747034160263e-4
1000	0.2	5e-4	23	0.004903233633633632	2.019035035035035	1.2793968	0.002156879783663985	2.4664040153918364e-4
1000	0.2	5e-4	24	0.004825969489489487	2.015887887887888	1.2834151999999999	0.0020168235227390335	2.3050957784754303e-4
1000	0.2	5e-4	25	0.004734583383383381	2.0099619619619618	1.2873599999999998	0.001883026570652962	2.1510986318614005e-4
1000	0.2	5e-4	26	0.004645689129129127	2.0119519519519518	1.291242	0.0017556436282859568	2.0045783656838002e-4
1000	0.2	5e-4	27	0.004557375135135133	2.0146426426426425	1.2950519999999999	0.0016347451499632746	1.8656042837350282e-4
1000	0.2	5e-4	28	0.004384586426426425	2.0084604604604603	1.2988115999999998	0.0015203290332489391	1.734162778217195e-4
1000	0.2	5e-4	29	0.004279353993993992	2.0082002002002004	1.3022764	0.0014123317087713521	1.61017018011943e-4
1000	0.2	5e-4	30	0.004149183743743742	2.00816016016016	1.3057383999999999	0.0013106384653819633	1.4934847000097154e-4
1000	0.2	5e-4	31	0.0040362452052052035	2.011887887887888	1.3091967999999998	0.0012150929063993508	1.3839173436259273e-4
1000	0.2	5e-4	32	0.00392169145145145	2.0144264264264264	1.3123103999999999	0.0011255054825441734	1.28124174387079e-4
1000	0.2	5e-4	33	0.0037454081281281266	2.0148308308308307	1.3154784	0.0010416610869409617	1.1852028963070365e-4
1000	0.2	5e-4	34	0.0035561541541541527	2.0124804804804803	1.3184428	9.63325728156852e-4	1.0955248201008344e-4
1000	0.2	5e-4	35	0.0034021248448448432	2.0134294294294293	1.3211952	8.902523197848593e-4	1.0119171918988744e-4
1000	0.2	5e-4	36	0.0032210239039039026	2.007343343343343	1.3239752	8.221856407621767e-4	9.340810177593109e-5
1000	0.2	5e-4	37	0.0030625523923923912	2.0035075075075075	1.3265116	7.588665306341972e-4	8.617134193816024e-5
1000	0.2	5e-4	38	0.0028756257057057045	2.0067707707707707	1.328968	7.000353894480306e-4	7.945116167937363e-5
1000	0.2	5e-4	39	0.002692055895895895	2.0069469469469468	1.3311776	6.454350538910575e-4	7.32176191524223e-5
1000	0.2	5e-4	40	0.002534869189189188	2.0033753753753754	1.3332427999999998	5.948131205533839e-4	6.74413713120468e-5
1000	0.2	5e-4	41	0.0023591221621621613	2.0096456456456457	1.3353112	5.479237845276658e-4	6.209388085281132e-5
1000	0.2	5e-4	42	0.0021857808208208197	2.011095095095095	1.3370655999999999	5.045292575727529e-4	5.714757490162504e-5
1000	0.2	5e-4	43	0.0020407325725725718	2.0074514514514514	1.3387584	4.6440082524841936e-4	5.257596235826392e-5
1000	0.2	5e-4	44	0.0018962653853853845	2.000848848848849	1.3403391999999998	4.2731959715785805e-4	4.835371615367068e-5
1000	0.2	5e-4	45	0.0017586794794794787	2.001853853853854	1.341816	3.9307699900388137e-4	4.445672605680739e-5
1000	0.2	5e-4	46	0.0016080192192192185	2.008828828828829	1.3431136	3.614750497874957e-4	4.086212703069538e-5
1000	0.2	5e-4	47	0.0014859868668668662	2.008988988988989	1.3444155999999998	3.3232646230530935e-4	3.7548307534091604e-5
1000	0.2	5e-4	48	0.001366146626626626	2.001701701701702	1.3455591999999998	3.054546002362152e-4	3.449490159831785e-5
1000	0.2	5e-4	49	0.0012440498098098092	2.00209009009009	1.3465399999999998	2.8069332061021854e-4	3.168276798592571e-5
1000	0.2	5e-4	50	0.0011340832832832828	1.9981621621621621	1.3475308	2.5788672635529826e-4	2.9093959262558415e-5
1000	0.2	5e-4	51	0.0010302009209209205	2.0005565565565564	1.348392	2.3688884993191425e-4	2.6711683186469923e-5
1000	0.2	5e-4	52	9.452269069069065e-4	2.0006606606606607	1.3491156	2.175632857826772e-4	2.4520258440709018e-5
1000	0.2	5e-4	53	8.460044044044041e-4	2.0038158158158157	1.3498671999999998	1.997827864306476e-4	2.250506639892209e-5
1000	0.2	5e-4	54	7.536101701701699e-4	2.000900900900901	1.3505276	1.8342883452812978e-4	2.0652500323968038e-5
1000	0.2	5e-4	55	6.762878878878876e-4	2.0027507507507507	1.351098	1.683912009614622e-4	1.8949913145802077e-5
1000	0.2	5e-4	56	6.128546146146143e-4	2.0057297297297296	1.3515544	1.545674972246924e-4	1.7385564747638686e-5
1000	0.2	5e-4	57	5.39001241241241e-4	2.002046046046046	1.3520512	1.4186272865574648e-4	1.5948569503655064e-5
1000	0.2	5e-4	58	4.8145537537537514e-4	2.004132132132132	1.3524383999999998	1.30188853752254e-4	1.4628844653860453e-5
1000	0.2	5e-4	59	4.2695215215215196e-4	1.991923923923924	1.3527972	1.1946435362207743e-4	1.341705996889595e-5
1000	0.2	5e-4	60	3.702613013013011e-4	2.001045045045045	1.3531312	1.0961381464877111e-4	1.2304589046284957e-5
1000	0.2	5e-4	61	3.194995795795794e-4	2.0019419419419417	1.353422	1.005675266403213e-4	1.1283462487189145e-5
1000	0.2	5e-4	62	2.908335535535534e-4	2.000016016016016	1.3536127999999998	9.22610980580315e-5	1.0346323126415823e-5
1000	0.2	5e-4	63	2.538954154154153e-4	2.0012292292292293	1.353826	8.46350893717925e-5	9.486383426001505e-6
1000	0.2	5e-4	64	2.2290002002001993e-4	1.9988828828828828	1.354024	7.763466514019223e-5	8.697385092076166e-6
1000	0.2	5e-4	65	1.887465065065064e-4	2.0046246246246247	1.354188	7.120926505350265e-5	7.973560934101487e-6
1000	0.2	5e-4	66	1.753379779779779e-4	1.9996836836836838	1.3542763999999998	6.531229389092775e-5	7.309598953403481e-6
1000	0.2	5e-4	67	1.5165445445445438e-4	1.9991071071071072	1.3544019999999999	5.990083011882084e-5	6.7006086228239166e-6
1000	0.2	5e-4	68	1.3008824824824818e-4	2.010786786786787	1.3545284	5.4935352683607e-5	6.142089300113154e-6
1000	0.2	5e-4	69	1.0809561561561557e-4	1.9987667667667668	1.3546407999999999	5.0379485422921945e-5	5.629900703348826e-6
1000	0.2	5e-4	70	9.477173173173169e-5	1.9965925925925925	1.3547112	4.619975842399671e-5	5.160235366383862e-6
1000	0.2	5e-4	71	8.27946346346346e-5	1.9982662662662662	1.354776	4.236538559248582e-5	4.729592985291836e-6
1000	0.2	5e-4	72	7.1638038038038e-5	2.0033713713713714	1.3548368	3.884805765299043e-5	4.334756562439611e-6
1000	0.2	5e-4	73	5.875387387387385e-5	2.0025385385385386	1.3548996	3.5621749779377816e-5	3.972770252595848e-6
1000	0.2	5e-4	74	5.0599879879879854e-5	2.004952952952953	1.3549423999999999	3.2662543045279886e-5	3.6409188149934972e-6
1000	0.2	5e-4	75	4.27557157157157e-5	1.9991431431431432	1.3549824	2.9948458889169358e-5	3.3367085760843966e-6
1000	0.2	5e-4	76	3.724844844844843e-5	1.9994914914914914	1.3550128	2.7459305801891516e-5	3.0578498095951337e-6
1000	0.2	5e-4	77	2.961153153153152e-5	2.0035795795795797	1.3550495999999999	2.517653746506967e-5	2.8022404431426174e-6
1000	0.2	5e-4	78	2.6093373373373363e-5	2.0034914914914914	1.3550692	2.308312159459157e-5	2.5679510038900072e-6
1000	0.2	5e-4	79	2.1796996996996987e-5	2.0008408408408407	1.3550896	2.1163418772982224e-5	2.3532107193556346e-6
1000	0.2	5e-4	80	1.7953393393393384e-5	1.9984144144144145	1.3551092	1.9403070586584097e-5	2.156394693383771e-6
1000	0.2	5e-4	81	1.6225105105105098e-5	1.9982382382382382	1.3551179999999998	1.7788896417293022e-5	1.9760120813556457e-6
1000	0.2	5e-4	82	1.2292212212212206e-5	1.9939179179179178	1.355138	1.6308798273076473e-5	1.8106951928433746e-6
1000	0.2	5e-4	83	9.848248248248245e-6	2.0072552552552554	1.3551503999999999	1.495167307620896e-5	1.6591894540412876e-6
1000	0.2	5e-4	84	8.115795795795793e-6	1.998086086086086	1.3551592	1.3707331862688405e-5	1.520344166403189e-6
1000	0.2	5e-4	85	6.766366366366363e-6	1.9983263263263262	1.3551659999999999	1.256642537993479e-5	1.393104001891448e-6
1000	0.2	5e-4	86	5.576776776776774e-6	2.0014934934934936	1.3551727999999998	1.1520375602722113e-5	1.2765011791165627e-6
1000	0.2	5e-4	87	4.701261261261259e-6	2.0024104104104103	1.3551764	1.056131271885624e-5	1.1696482683590197e-6
1000	0.2	5e-4	88	3.905745745745744e-6	2.0082642642642643	1.3551803999999998	9.68201716645791e-6	1.0717315770277767e-6
1000	0.2	5e-4	89	3.5867067067067053e-6	2.0045565565565564	1.3551819999999999	8.875866333613e-6	9.820050704968495e-7
1000	0.2	5e-4	90	2.95119119119119e-6	1.9937497497497498	1.3551852	8.136785558442417e-6	8.997847864555552e-7
1000	0.2	5e-4	91	2.074074074074073e-6	2.0024504504504503	1.3551895999999999	7.4592030937779944e-6	8.244437039602109e-7
1000	0.2	5e-4	92	1.357437437437437e-6	2.008064064064064	1.3551932	6.838008724862446e-6	7.554070312038507e-7
1000	0.2	5e-4	93	9.58398398398398e-7	1.9991351351351352	1.3551951999999998	6.268515751576985e-6	6.921478787103444e-7
1000	0.2	5e-4	94	7.98398398398398e-7	2.0014854854854853	1.3551959999999998	5.74642606821355e-6	6.341832871638069e-7
1000	0.2	5e-4	95	3.996796796796795e-7	2.0027307307307307	1.355198	5.267798093832174e-6	5.810705814134222e-7
1000	0.2	5e-4	96	7.961561561561558e-7	2.000112112112112	1.3551959999999998	4.829017325209185e-6	5.324040243961055e-7
1000	0.2	5e-4	97	7.171171171171168e-7	2.000064064064064	1.3551963999999999	4.426769301680602e-6	4.878117467284514e-7
1000	0.2	5e-4	98	8.750350350350347e-7	2.0111191191191193	1.3551955999999998	4.058014787631328e-6	4.469529296257367e-7
1000	0.2	5e-4	99	5.58238238238238e-7	2.0013213213213215	1.3551971999999999	3.719966993468118e-6	4.095152205541137e-7
1000	0.2	5e-4	100	5.58238238238238e-7	1.9972172172172171	1.3551971999999999	3.4100706698718235e-6	3.7521236263850686e-7
1000	0.2	0.02	5	0.004830057337337336	2.007983983983984	1.2125956	0.004839040665172145	2.9182099964184743e-5
1000	0.2	0.02	6	0.0048340096896896875	2.0148348348348346	1.216592	0.004752009799150759	2.8084110445262464e-5
1000	0.2	0.02	7	0.004829281521521519	2.0073993993993993	1.2205732	0.004648745163745555	2.6924345817040387e-5
1000	0.2	0.02	8	0.004773739019019017	2.016032032032032	1.2245207999999999	0.004530852641261902	2.5716711560044995e-5
1000	0.2	0.02	9	0.004772200440440438	2.006222222222222	1.2284675999999999	0.004400071191518773	2.447491967241464e-5
1000	0.2	0.02	10	0.004734995475475474	2.00787987987988	1.2324047999999999	0.00425822385150886	2.3212191015329592e-5
1000	0.2	0.02	11	0.004726550870870869	2.0135735735735736	1.2365648	0.004107170478606201	2.1941001794723708e-5
1000	0.2	0.02	12	0.004733305785785784	2.0094014014014014	1.2406144	0.0039487639772961105	2.0672879590659756e-5
1000	0.2	0.02	13	0.004735256376376374	2.005313313313313	1.2444671999999999	0.003784811351715995	1.9418251078390368e-5
1000	0.2	0.02	14	0.004688618458458456	2.010982982982983	1.2484756	0.0036170405022035593	1.8186340671547157e-5
1000	0.2	0.02	15	0.004709759359359357	2.0141941941941943	1.2524792	0.0034470732696236838	1.69851169174659e-5
1000	0.2	0.02	16	0.004697094534534533	2.015023023023023	1.2564104	0.003276404855054016	1.5821281671613056e-5
1000	0.2	0.02	17	0.004709379779779778	2.016048048048048	1.2602312	0.003106389424156657	1.470029588858067e-5
1000	0.2	0.02	18	0.004722980500500499	2.013145145145145	1.2641212	0.0029382314560702076	1.3626435252557455e-5
1000	0.2	0.02	19	0.004698237277277275	2.011787787787788	1.2681312	0.0027729822188468094	1.2602868753540481e-5
1000	0.2	0.02	20	0.004671632592592591	2.007887887887888	1.2721464	0.0026115406439290553	1.1631753597680343e-5
1000	0.2	0.02	21	0.004699729329329327	2.015403403403403	1.2758344	0.00245465782306559	1.071434041444968e-5
1000	0.2	0.02	22	0.004669429109109107	2.0156876876876875	1.2796543999999999	0.00230294435189687	9.85108348695328e-6
1000	0.2	0.02	23	0.0046153194794794775	2.01587987987988	1.2836832	0.002156879783663985	9.041751593624352e-6
1000	0.2	0.02	24	0.004545640760760758	2.007011011011011	1.2875572	0.0020168235227390335	8.28553593488227e-6
1000	0.2	0.02	25	0.0044636862462462444	2.0092492492492493	1.2912472	0.001883026570652962	7.581152470082533e-6
1000	0.2	0.02	26	0.0044135445045045026	2.003383383383383	1.2949564	0.0017556436282859568	6.926936768639658e-6
1000	0.2	0.02	27	0.004307807567567565	2.0078718718718718	1.2985468	0.0016347451499632746	6.320930160375194e-6
1000	0.2	0.02	28	0.00423949189189189	2.0076596596596596	1.3019436	0.0015203290332489391	5.760956542596079e-6
1000	0.2	0.02	29	0.004124667707707706	2.009697697697698	1.305356	0.0014123317087713521	5.2446896636337325e-6
1000	0.2	0.02	30	0.004049727407407406	2.0081481481481482	1.3086563999999998	0.0013106384653819633	4.769711060135345e-6
1000	0.2	0.02	31	0.003923901181181179	2.010666666666667	1.3118375999999998	0.0012150929063993508	4.333559088390424e-6
1000	0.2	0.02	32	0.003790236476476475	2.007039039039039	1.3149583999999999	0.0011255054825441734	3.9337696710109396e-6
1000	0.2	0.02	33	0.0036320231431431417	2.003067067067067	1.3180611999999998	0.0010416610869409617	3.5679094928775044e-6
1000	0.2	0.02	34	0.003512093453453452	2.0077797797797796	1.3209212	9.63325728156852e-4	3.233602437728763e-6
1000	0.2	0.02	35	0.0033521291691691675	2.0104224224224225	1.3238611999999998	8.902523197848593e-4	2.928550071447545e-6
1000	0.2	0.02	36	0.003163948108108107	2.011091091091091	1.3265711999999998	8.221856407621767e-4	2.6505469609194775e-6
1000	0.2	0.02	37	0.0030203300100100088	2.0044804804804803	1.3290876	7.588665306341972e-4	2.3974915776421824e-6
1000	0.2	0.02	38	0.002888672272272271	2.003991991991992	1.3313956	7.000353894480306e-4	2.167393480739625e-6
1000	0.2	0.02	39	0.0027000017617617605	2.0137657657657657	1.3339096	6.454350538910575e-4	1.958377410839736e-6
1000	0.2	0.02	40	0.0025512623823823813	2.008116116116116	1.3359843999999998	5.948131205533839e-4	1.7686848591527968e-6
1000	0.2	0.02	41	0.0023819173573573563	2.004096096096096	1.337982	5.479237845276658e-4	1.596673608589758e-6
1000	0.2	0.02	42	0.0022484193793793784	2.009101101101101	1.33977	5.045292575727529e-4	1.440815678410072e-6
1000	0.2	0.02	43	0.0020950825225225216	2.007079079079079	1.3414164	4.6440082524841936e-4	1.299694042398031e-6
1000	0.2	0.02	44	0.001951919919919919	2.00607007007007	1.3430456	4.2731959715785805e-4	1.1719984339871226e-6
1000	0.2	0.02	45	0.0018152734334334327	1.9960440440440441	1.3445555999999999	3.9307699900388137e-4	1.0565205006423993e-6
1000	0.2	0.02	46	0.001708886806806806	2.008928928928929	1.3458607999999999	3.614750497874957e-4	9.521485243559139e-7
1000	0.2	0.02	47	0.0015662004404404398	2.005085085085085	1.3472544	3.3232646230530935e-4	8.578618852309516e-7
1000	0.2	0.02	48	0.001444365805805805	2.003147147147147	1.3485352	3.054546002362152e-4	7.727254105662034e-7
1000	0.2	0.02	49	0.0013279362562562556	2.0019419419419417	1.3496416	2.8069332061021854e-4	6.958837222261814e-7
1000	0.2	0.02	50	0.0012222968568568564	2.0081481481481482	1.3506848	2.5788672635529826e-4	6.265556699587176e-7
1000	0.2	0.02	51	0.0011069228428428424	2.003807807807808	1.3516603999999999	2.3688884993191425e-4	5.640289172268034e-7
1000	0.2	0.02	52	0.0010233992392392388	2.010986986986987	1.3524775999999998	2.175632857826772e-4	5.076547285898298e-7
1000	0.2	0.02	53	9.489215615615612e-4	1.999091091091091	1.3531704	1.997827864306476e-4	4.5684299324843493e-7
1000	0.2	0.02	54	8.628104904904901e-4	2.002918918918919	1.3537983999999998	1.8342883452812978e-4	4.1105750763033067e-7
1000	0.2	0.02	55	7.931361761761758e-4	2.001957957957958	1.3545224	1.683912009614622e-4	3.698115304560371e-7
1000	0.2	0.02	56	7.063252052052049e-4	1.9988148148148148	1.3551944	1.545674972246924e-4	3.326636162307223e-7
1000	0.2	0.02	57	6.380093693693691e-4	1.9973173173173173	1.3556911999999999	1.4186272865574648e-4	2.992137272513879e-7
1000	0.2	0.02	58	5.748025625625623e-4	2.0006246246246246	1.3562284	1.30188853752254e-4	2.6909961972379864e-7
1000	0.2	0.02	59	5.014979779779777e-4	2.004816816816817	1.3567152	1.1946435362207743e-4	2.4199349621434067e-7
1000	0.2	0.02	60	4.509837837837836e-4	1.9933893893893895	1.3570824	1.0961381464877111e-4	2.1759891421400424e-7
1000	0.2	0.02	61	4.0659451451451436e-4	2.0014454454454453	1.3574827999999999	1.005675266403213e-4	1.9564793889161355e-7
1000	0.2	0.02	62	3.6188092092092076e-4	2.001761761761762	1.3577823999999998	9.22610980580315e-5	1.7589852701358809e-7
1000	0.2	0.02	63	3.217109109109108e-4	2.004008008008008	1.3580619999999999	8.46350893717925e-5	1.581321283852681e-7
1000	0.2	0.02	64	2.813518318318317e-4	1.995007007007007	1.3583372	7.763466514019223e-5	1.4215149092054947e-7
1000	0.2	0.02	65	2.556023223223222e-4	2.0006446446446446	1.3585336	7.120926505350265e-5	1.2777865548726421e-7
1000	0.2	0.02	66	2.2800584584584574e-4	1.998154154154154	1.3587036	6.531229389092775e-5	1.1485312693542652e-7
1000	0.2	0.02	67	2.0634202202202194e-4	2.000796796796797	1.3588487999999999	5.990083011882084e-5	1.0323020813708386e-7
1000	0.2	0.02	68	1.8007423423423415e-4	2.0064064064064064	1.3589996	5.4935352683607e-5	9.277948440374642e-8
1000	0.2	0.02	69	1.6167775775775768e-4	1.9978138138138137	1.3591172	5.0379485422921945e-5	8.33834462628355e-8
1000	0.2	0.02	70	1.3782558558558553e-4	1.9892732732732732	1.3592444	4.619975842399671e-5	7.493623923970374e-8
1000	0.2	0.02	71	1.2144616616616612e-4	2.0025225225225225	1.3593372	4.236538559248582e-5	6.734252998214813e-8
1000	0.2	0.02	72	1.0613549549549545e-4	2.0034394394394393	1.35943	3.884805765299043e-5	6.051647876313828e-8
1000	0.2	0.02	73	9.41626426426426e-5	2.0006446446446446	1.3594928	3.5621749779377816e-5	5.438080909011239e-8
1000	0.2	0.02	74	8.827403403403399e-5	2.0015095095095097	1.3595392	3.2662543045279886e-5	4.886596582618768e-8
1000	0.2	0.02	75	7.80445245245245e-5	1.9944704704704705	1.359586	2.9948458889169358e-5	4.390935388173613e-8
1000	0.2	0.02	76	6.710798798798796e-5	1.9976656656656657	1.3596451999999999	2.7459305801891516e-5	3.945465015942248e-8
1000	0.2	0.02	77	5.643707707707705e-5	2.0041441441441443	1.359704	2.517653746506967e-5	3.545118202823111e-8
1000	0.2	0.02	78	4.886742742742741e-5	1.9991991991991993	1.3597439999999998	2.308312159459157e-5	3.185336616020822e-8
1000	0.2	0.02	79	4.800176176176174e-5	1.998118118118118	1.3597544	2.1163418772982224e-5	2.8620202086743128e-8
1000	0.2	0.02	80	3.7940740740740724e-5	1.9913593593593593	1.3598044	1.9403070586584097e-5	2.571481531898371e-8
1000	0.2	0.02	81	3.3458418418418407e-5	1.9988148148148148	1.3598295999999999	1.7788896417293022e-5	2.3104045330185947e-8
1000	0.2	0.02	82	2.9186946946946934e-5	2.0013693693693693	1.3598504	1.6308798273076473e-5	2.0758074117032183e-8
1000	0.2	0.02	83	2.5255735735735724e-5	1.998094094094094	1.359874	1.495167307620896e-5	1.8650091443826045e-8
1000	0.2	0.02	84	2.0116036036036028e-5	2.0015095095095097	1.3598979999999998	1.3707331862688405e-5	1.6755993229603946e-8
1000	0.2	0.02	85	1.6962082082082076e-5	1.9967447447447448	1.3599135999999998	1.256642537993479e-5	1.505410986484344e-8
1000	0.2	0.02	86	1.4703583583583577e-5	1.9996476476476477	1.3599252	1.1520375602722113e-5	1.3524961543866648e-8
1000	0.2	0.02	87	1.0907307307307303e-5	2.0025025025025025	1.3599443999999998	1.056131271885624e-5	1.2151037972641989e-8
1000	0.2	0.02	88	8.975215215215211e-6	2.0026906906906907	1.3599544	9.68201716645791e-6	1.091660006153663e-8
1000	0.2	0.02	89	8.455655655655653e-6	1.990966966966967	1.3599568	8.875866333613e-6	9.807501440237108e-9
1000	0.2	0.02	90	6.916036036036033e-6	1.9987947947947948	1.3599648	8.136785558442417e-6	8.811027839107146e-9
1000	0.2	0.02	91	5.969649649649647e-6	2.0047647647647646	1.3599704	7.4592030937779944e-6	7.915752569842196e-9
1000	0.2	0.02	92	5.8723523523523494e-6	2.0052452452452454	1.35997	6.838008724862446e-6	7.111406509088324e-9
1000	0.2	0.02	93	5.8622622622622595e-6	2.001029029029029	1.3599708	6.268515751576985e-6	6.388761143998732e-9
1000	0.2	0.02	94	4.713993993993992e-6	1.9963403403403404	1.3599759999999999	5.74642606821355e-6	5.73952337932368e-9
1000	0.2	0.02	95	3.784584584584583e-6	1.998018018018018	1.3599816	5.267798093832174e-6	5.156240932892697e-9
1000	0.2	0.02	96	3.6981781781781766e-6	2.00613013013013	1.3599812	4.829017325209185e-6	4.6322172618013745e-9
1000	0.2	0.02	97	3.3177177177177162e-6	1.9943263263263262	1.3599831999999998	4.426769301680602e-6	4.161435065657305e-9
1000	0.2	0.02	98	2.540460460460459e-6	2.002666666666667	1.3599872	4.058014787631328e-6	3.7384875076363e-9
1000	0.2	0.02	99	1.5886286286286278e-6	1.9942262262262263	1.3599919999999999	3.719966993468118e-6	3.3585163791818382e-9
1000	0.2	0.02	100	1.4294294294294287e-6	2.0024104104104103	1.3599928	3.4100706698718235e-6	3.01715651097474e-9
